"","Read_Count_A1","Read_Count_A2","Read_Count_A3","Read_Count_A4","Read_Count_A5","Read_Count_A6","Read_Count_A7","Read_Count_A8","Read_Count_A9"
"bin_59_metaspades.faa_1_1",0,0,0,0,0,0,0,0,0
"bin_59_metaspades.faa_1_10",10,2,0,0,0,0,0,0,0
"bin_59_metaspades.faa_1_11",0,0,0,0,0,0,0,0,0
"bin_59_metaspades.faa_1_12",0,0,0,0,0,0,0,0,0
"bin_59_metaspades.faa_1_13",0,0,0,0,0,0,0,0,0
"bin_59_metaspades.faa_1_2",0,0,0,0,0,0,0,0,0
"bin_59_metaspades.faa_1_3",0,0,0,0,0,0,0,0,0
"bin_59_metaspades.faa_1_4",14,4,0,2,0,0,2,0,0
"bin_59_metaspades.faa_1_5",0,0,0,0,0,0,0,0,0
"bin_59_metaspades.faa_1_6",0,2,0,0,0,0,0,0,0
"bin_59_metaspades.faa_1_7",0,0,0,0,0,0,0,0,0
"bin_59_metaspades.faa_1_8",2,2,0,0,0,0,0,0,0
"bin_59_metaspades.faa_1_9",1,6,0,0,0,0,0,0,0
"bin_59_metaspades.faa_10_1",0,0,0,0,0,0,0,0,0
"bin_59_metaspades.faa_10_10",0,2,0,2,0,0,0,0,0
"bin_59_metaspades.faa_10_2",0,0,0,0,0,0,0,0,0
"bin_59_metaspades.faa_10_3",0,0,0,0,0,0,0,0,0
"bin_59_metaspades.faa_10_4",2,0,4,0,0,0,0,0,0
"bin_59_metaspades.faa_10_5",0,0,0,0,0,0,0,0,0
"bin_59_metaspades.faa_10_6",0,0,0,0,0,0,0,0,0
"bin_59_metaspades.faa_10_7",0,0,2,0,0,0,0,0,0
"bin_59_metaspades.faa_10_8",8,4,0,18,0,0,0,0,0
"bin_59_metaspades.faa_10_9",1,0,2,0,2,0,0,0,0
"bin_59_metaspades.faa_100_1",0,6,2,0,0,0,0,0,0
"bin_59_metaspades.faa_100_2",10,12,16,4,0,0,0,0,0
"bin_59_metaspades.faa_100_3",0,0,0,0,0,0,0,0,0
"bin_59_metaspades.faa_100_4",0,0,0,4,0,0,0,0,0
"bin_59_metaspades.faa_101_1",0,0,0,0,0,0,0,0,0
"bin_59_metaspades.faa_101_2",0,0,0,0,0,0,0,0,0
"bin_59_metaspades.faa_101_3",0,0,0,0,0,0,0,0,0
"bin_59_metaspades.faa_101_4",1,4,6,0,2,0,0,0,0
"bin_59_metaspades.faa_101_5",0,2,2,0,0,0,0,0,0
"bin_59_metaspades.faa_101_6",0,2,0,0,0,0,0,0,0
"bin_59_metaspades.faa_102_1",2,0,1,4,0,0,0,0,0
"bin_59_metaspades.faa_102_2",1,0,0,0,0,0,0,0,0
"bin_59_metaspades.faa_102_3",2,19,4,22,0,0,0,0,0
"bin_59_metaspades.faa_102_4",0,2,4,0,0,4,0,0,0
"bin_59_metaspades.faa_102_5",6,4,0,2,2,0,0,0,6
"bin_59_metaspades.faa_102_6",0,2,0,0,0,0,0,0,2
"bin_59_metaspades.faa_103_1",0,0,0,0,0,0,0,0,0
"bin_59_metaspades.faa_103_2",2,0,0,0,0,0,0,0,0
"bin_59_metaspades.faa_103_3",4,0,0,0,2,0,0,0,0
"bin_59_metaspades.faa_103_4",11,2,2,0,0,0,0,0,0
"bin_59_metaspades.faa_103_5",0,0,0,0,0,0,0,0,0
"bin_59_metaspades.faa_104_1",2,0,0,0,0,0,0,0,0
"bin_59_metaspades.faa_104_2",0,0,0,0,0,0,0,0,0
"bin_59_metaspades.faa_104_3",0,0,8,0,0,0,0,0,0
"bin_59_metaspades.faa_104_4",0,2,0,0,0,0,0,0,0
"bin_59_metaspades.faa_105_1",0,0,0,6,0,0,0,0,0
"bin_59_metaspades.faa_105_2",8,14,2,24,2,0,0,0,0
"bin_59_metaspades.faa_105_3",0,4,0,0,0,0,0,0,0
"bin_59_metaspades.faa_105_4",2,0,0,0,0,0,0,0,0
"bin_59_metaspades.faa_105_5",0,0,0,0,0,0,0,0,0
"bin_59_metaspades.faa_106_1",0,0,0,0,0,0,0,0,0
"bin_59_metaspades.faa_106_2",0,0,0,0,0,0,0,0,0
"bin_59_metaspades.faa_106_3",0,0,0,0,0,0,0,0,0
"bin_59_metaspades.faa_106_4",0,0,0,0,0,0,0,0,0
"bin_59_metaspades.faa_106_5",0,0,0,0,0,0,0,0,0
"bin_59_metaspades.faa_107_1",10,0,0,4,0,0,0,0,0
"bin_59_metaspades.faa_107_2",0,0,0,0,0,0,0,0,0
"bin_59_metaspades.faa_107_3",0,0,0,0,0,0,0,0,0
"bin_59_metaspades.faa_107_4",0,0,0,0,0,0,0,0,0
"bin_59_metaspades.faa_108_1",6,6,20,0,0,0,0,0,0
"bin_59_metaspades.faa_108_2",0,2,0,0,0,0,0,2,6
"bin_59_metaspades.faa_109_1",2,0,8,0,2,0,0,0,0
"bin_59_metaspades.faa_109_2",0,0,0,0,0,0,0,0,0
"bin_59_metaspades.faa_109_3",0,0,0,4,0,0,0,0,2
"bin_59_metaspades.faa_11_1",0,0,0,0,0,0,0,0,0
"bin_59_metaspades.faa_11_2",0,0,0,0,0,0,0,0,0
"bin_59_metaspades.faa_11_3",0,0,0,0,0,0,0,0,0
"bin_59_metaspades.faa_11_4",0,0,2,0,0,0,0,0,0
"bin_59_metaspades.faa_11_5",0,2,2,4,0,0,0,0,0
"bin_59_metaspades.faa_11_6",74,49,82,42,0,0,0,0,0
"bin_59_metaspades.faa_11_7",0,0,0,0,0,0,0,0,0
"bin_59_metaspades.faa_11_8",0,0,2,0,0,0,0,0,2
"bin_59_metaspades.faa_11_9",0,0,0,0,2,0,0,0,0
"bin_59_metaspades.faa_110_1",0,0,0,0,0,0,0,0,0
"bin_59_metaspades.faa_110_2",0,0,0,0,0,0,0,0,0
"bin_59_metaspades.faa_110_3",0,0,0,0,0,0,0,0,0
"bin_59_metaspades.faa_110_4",2,0,0,0,0,0,0,0,0
"bin_59_metaspades.faa_111_1",0,0,0,0,0,0,0,0,0
"bin_59_metaspades.faa_111_2",0,0,0,0,0,0,0,0,0
"bin_59_metaspades.faa_111_3",0,0,0,0,0,0,0,0,0
"bin_59_metaspades.faa_111_4",0,0,0,0,0,0,0,0,0
"bin_59_metaspades.faa_111_5",0,0,0,0,0,0,0,0,0
"bin_59_metaspades.faa_112_1",0,2,0,0,0,0,0,0,0
"bin_59_metaspades.faa_112_2",0,0,0,0,0,0,0,0,0
"bin_59_metaspades.faa_112_3",0,0,0,0,0,0,0,0,0
"bin_59_metaspades.faa_112_4",0,0,0,0,0,0,0,0,0
"bin_59_metaspades.faa_112_5",0,0,0,0,0,0,0,0,0
"bin_59_metaspades.faa_112_6",0,4,2,0,2,0,0,0,0
"bin_59_metaspades.faa_112_7",4,2,0,0,0,0,0,0,0
"bin_59_metaspades.faa_113_1",0,0,0,0,0,0,0,0,0
"bin_59_metaspades.faa_113_2",0,4,0,0,0,0,0,0,0
"bin_59_metaspades.faa_113_3",0,0,0,0,0,0,0,0,0
"bin_59_metaspades.faa_114_1",0,0,0,0,0,0,0,0,0
"bin_59_metaspades.faa_114_2",2,0,0,0,0,0,0,0,0
"bin_59_metaspades.faa_114_3",0,0,0,0,0,0,0,0,0
"bin_59_metaspades.faa_114_4",0,0,0,0,0,0,0,0,0
"bin_59_metaspades.faa_114_5",0,0,0,0,0,0,0,0,0
"bin_59_metaspades.faa_114_6",0,0,0,0,0,0,0,0,0
"bin_59_metaspades.faa_115_1",0,0,0,2,0,0,0,0,0
"bin_59_metaspades.faa_115_2",2,0,0,0,0,0,0,0,0
"bin_59_metaspades.faa_115_3",0,0,0,4,0,0,0,0,0
"bin_59_metaspades.faa_115_4",0,0,0,0,0,0,0,0,0
"bin_59_metaspades.faa_116_1",0,0,4,0,0,0,0,0,0
"bin_59_metaspades.faa_116_2",0,0,0,0,0,0,0,0,0
"bin_59_metaspades.faa_116_3",2,0,0,0,0,0,0,0,0
"bin_59_metaspades.faa_116_4",4,4,0,8,0,0,0,0,0
"bin_59_metaspades.faa_116_5",0,4,2,4,0,0,0,0,0
"bin_59_metaspades.faa_117_1",0,0,0,0,0,0,0,0,0
"bin_59_metaspades.faa_117_2",0,0,0,0,0,0,0,0,0
"bin_59_metaspades.faa_117_3",0,0,0,1,0,0,0,0,0
"bin_59_metaspades.faa_117_4",2,0,0,0,0,0,0,0,0
"bin_59_metaspades.faa_117_5",2,0,1,0,2,0,0,0,0
"bin_59_metaspades.faa_117_6",0,0,2,0,0,0,0,0,0
"bin_59_metaspades.faa_118_1",0,0,0,0,0,0,0,0,0
"bin_59_metaspades.faa_118_2",0,4,0,0,0,0,0,0,0
"bin_59_metaspades.faa_118_3",0,0,1,0,0,0,0,0,0
"bin_59_metaspades.faa_118_4",0,0,0,0,0,0,0,0,0
"bin_59_metaspades.faa_118_5",0,0,0,0,0,0,0,0,0
"bin_59_metaspades.faa_118_6",0,0,0,0,0,0,0,0,0
"bin_59_metaspades.faa_118_7",8,0,0,0,0,0,0,0,0
"bin_59_metaspades.faa_118_8",0,0,0,0,0,0,0,0,0
"bin_59_metaspades.faa_119_1",0,2,0,0,0,0,0,0,0
"bin_59_metaspades.faa_119_2",2,0,0,0,0,0,0,0,0
"bin_59_metaspades.faa_119_3",0,0,0,0,0,0,0,0,0
"bin_59_metaspades.faa_119_4",1,0,0,0,0,0,0,0,0
"bin_59_metaspades.faa_12_1",0,0,0,0,0,0,0,0,0
"bin_59_metaspades.faa_12_2",14,6,16,4,0,2,0,0,2
"bin_59_metaspades.faa_12_3",0,4,4,0,0,0,0,0,0
"bin_59_metaspades.faa_12_4",2,4,0,0,0,0,0,0,0
"bin_59_metaspades.faa_12_5",2,0,0,0,0,0,0,0,0
"bin_59_metaspades.faa_12_6",0,0,0,0,0,0,0,0,0
"bin_59_metaspades.faa_120_1",14,6,2,0,0,0,0,0,0
"bin_59_metaspades.faa_120_2",0,3,0,0,0,0,0,0,0
"bin_59_metaspades.faa_120_3",0,0,2,0,0,0,0,0,0
"bin_59_metaspades.faa_120_4",2,0,0,0,0,0,0,0,0
"bin_59_metaspades.faa_120_5",0,0,0,0,0,0,0,0,0
"bin_59_metaspades.faa_121_1",0,4,0,4,0,0,0,0,0
"bin_59_metaspades.faa_121_2",0,2,0,0,0,0,0,0,0
"bin_59_metaspades.faa_121_3",0,2,0,6,0,0,0,0,0
"bin_59_metaspades.faa_121_4",0,0,0,0,0,0,0,0,0
"bin_59_metaspades.faa_122_1",8,15,2,2,0,0,0,0,6
"bin_59_metaspades.faa_122_2",0,4,0,0,0,0,0,0,0
"bin_59_metaspades.faa_122_3",0,0,0,0,0,0,0,0,0
"bin_59_metaspades.faa_122_4",2,6,0,2,0,0,0,0,0
"bin_59_metaspades.faa_123_1",0,0,0,0,0,0,0,0,0
"bin_59_metaspades.faa_123_2",0,0,0,2,0,0,0,0,0
"bin_59_metaspades.faa_123_3",0,0,0,0,0,0,0,0,0
"bin_59_metaspades.faa_124_1",6,18,15,31,0,2,0,3,5
"bin_59_metaspades.faa_124_2",0,2,0,2,0,0,0,0,0
"bin_59_metaspades.faa_124_3",6,1,0,0,0,0,0,0,0
"bin_59_metaspades.faa_124_4",0,0,0,0,0,0,0,0,0
"bin_59_metaspades.faa_124_5",10,2,4,6,0,0,0,0,0
"bin_59_metaspades.faa_125_1",0,0,0,0,0,0,0,0,0
"bin_59_metaspades.faa_125_2",0,0,0,0,0,0,0,0,0
"bin_59_metaspades.faa_125_3",0,0,0,0,0,0,0,0,0
"bin_59_metaspades.faa_125_4",0,0,0,0,0,0,0,2,0
"bin_59_metaspades.faa_125_5",16,10,6,0,0,0,0,0,0
"bin_59_metaspades.faa_126_1",0,0,0,0,0,0,0,0,0
"bin_59_metaspades.faa_126_2",0,0,0,0,0,0,0,0,0
"bin_59_metaspades.faa_126_3",0,0,0,0,0,0,0,0,0
"bin_59_metaspades.faa_126_4",0,0,2,0,0,0,0,0,0
"bin_59_metaspades.faa_127_1",0,0,0,0,0,0,0,0,0
"bin_59_metaspades.faa_127_2",0,0,8,0,0,0,0,0,0
"bin_59_metaspades.faa_127_3",146,65,131,23,0,0,0,2,4
"bin_59_metaspades.faa_127_4",0,0,0,0,0,0,0,0,0
"bin_59_metaspades.faa_127_5",0,0,0,0,0,0,0,0,0
"bin_59_metaspades.faa_128_1",0,0,0,0,0,0,0,0,0
"bin_59_metaspades.faa_128_2",2,0,4,0,0,0,0,0,0
"bin_59_metaspades.faa_128_3",2,0,0,0,0,0,0,0,0
"bin_59_metaspades.faa_128_4",0,0,0,0,0,0,0,0,0
"bin_59_metaspades.faa_128_5",38,18,2,9,0,0,0,1,0
"bin_59_metaspades.faa_128_6",0,2,0,0,0,0,0,0,0
"bin_59_metaspades.faa_129_1",0,0,0,0,0,0,0,0,0
"bin_59_metaspades.faa_129_2",0,0,0,0,0,0,0,0,0
"bin_59_metaspades.faa_129_3",0,0,0,0,0,0,0,0,0
"bin_59_metaspades.faa_129_4",0,0,0,0,0,0,0,0,0
"bin_59_metaspades.faa_129_5",0,0,0,0,0,0,0,0,0
"bin_59_metaspades.faa_129_6",0,0,0,0,0,0,0,0,0
"bin_59_metaspades.faa_13_1",0,0,0,0,0,0,0,0,0
"bin_59_metaspades.faa_13_10",0,0,0,0,0,0,0,0,0
"bin_59_metaspades.faa_13_11",0,0,0,0,0,0,0,0,0
"bin_59_metaspades.faa_13_2",0,0,0,0,0,0,0,0,0
"bin_59_metaspades.faa_13_3",0,2,2,0,0,0,0,0,0
"bin_59_metaspades.faa_13_4",0,0,0,0,0,0,0,0,0
"bin_59_metaspades.faa_13_5",2,0,0,0,2,0,0,0,0
"bin_59_metaspades.faa_13_6",6,0,2,0,0,0,0,0,0
"bin_59_metaspades.faa_13_7",0,0,0,0,0,0,0,0,0
"bin_59_metaspades.faa_13_8",0,0,0,0,0,0,0,0,0
"bin_59_metaspades.faa_13_9",0,0,0,0,0,0,0,0,0
"bin_59_metaspades.faa_130_1",4,10,6,2,0,0,0,0,0
"bin_59_metaspades.faa_130_2",0,4,0,0,0,0,0,0,0
"bin_59_metaspades.faa_130_3",0,0,8,0,0,0,0,0,0
"bin_59_metaspades.faa_130_4",0,0,0,1,0,0,0,0,0
"bin_59_metaspades.faa_131_1",0,0,0,0,2,0,0,0,0
"bin_59_metaspades.faa_131_2",0,0,0,0,0,0,0,0,0
"bin_59_metaspades.faa_131_3",0,0,0,0,0,0,0,0,0
"bin_59_metaspades.faa_131_4",0,0,0,0,0,0,0,0,0
"bin_59_metaspades.faa_131_5",0,0,0,0,0,0,0,0,0
"bin_59_metaspades.faa_132_1",0,0,0,0,0,0,0,0,0
"bin_59_metaspades.faa_132_2",0,0,0,0,0,0,0,2,0
"bin_59_metaspades.faa_132_3",2,1,0,0,0,0,0,0,0
"bin_59_metaspades.faa_132_4",0,0,0,0,0,0,0,0,0
"bin_59_metaspades.faa_132_5",0,0,0,0,0,0,0,0,0
"bin_59_metaspades.faa_133_1",0,0,0,0,0,0,0,0,0
"bin_59_metaspades.faa_133_2",0,4,0,6,0,0,0,0,0
"bin_59_metaspades.faa_133_3",0,0,0,0,0,0,0,0,0
"bin_59_metaspades.faa_134_1",0,0,0,0,0,0,0,0,0
"bin_59_metaspades.faa_134_2",0,0,0,0,0,0,0,0,0
"bin_59_metaspades.faa_134_3",0,0,0,0,0,0,0,2,0
"bin_59_metaspades.faa_134_4",0,0,0,0,0,0,0,0,0
"bin_59_metaspades.faa_134_5",0,0,0,0,0,0,0,0,0
"bin_59_metaspades.faa_135_1",0,0,0,0,0,0,0,0,0
"bin_59_metaspades.faa_135_2",0,0,0,0,0,0,0,0,0
"bin_59_metaspades.faa_135_3",0,0,0,0,0,0,0,0,0
"bin_59_metaspades.faa_135_4",0,0,0,0,0,0,0,0,0
"bin_59_metaspades.faa_135_5",0,0,0,0,0,0,0,0,0
"bin_59_metaspades.faa_136_1",0,0,0,0,0,0,0,0,0
"bin_59_metaspades.faa_136_2",0,0,0,0,0,0,0,0,0
"bin_59_metaspades.faa_136_3",0,0,0,0,0,0,0,0,0
"bin_59_metaspades.faa_136_4",0,0,0,0,0,0,0,0,0
"bin_59_metaspades.faa_136_5",0,0,0,0,0,0,0,0,0
"bin_59_metaspades.faa_137_1",2,0,0,0,0,0,0,0,0
"bin_59_metaspades.faa_137_2",0,0,0,0,0,0,0,0,0
"bin_59_metaspades.faa_137_3",0,5,2,0,0,0,0,0,0
"bin_59_metaspades.faa_137_4",0,0,0,0,0,0,0,0,0
"bin_59_metaspades.faa_137_5",2,0,0,0,0,0,0,0,0
"bin_59_metaspades.faa_137_6",0,0,0,0,0,0,0,0,0
"bin_59_metaspades.faa_137_7",0,2,0,2,0,0,0,0,0
"bin_59_metaspades.faa_138_1",2,2,6,1,0,0,0,0,0
"bin_59_metaspades.faa_138_2",22,16,34,12,0,0,0,2,1
"bin_59_metaspades.faa_138_3",140,51,170,38,0,0,0,0,10
"bin_59_metaspades.faa_138_4",139,65,277,33,0,0,0,0,5
"bin_59_metaspades.faa_138_5",58,50,109,16,0,1,0,0,4
"bin_59_metaspades.faa_139_1",0,2,0,0,0,0,0,0,0
"bin_59_metaspades.faa_139_2",78,89,226,84,0,0,0,0,6
"bin_59_metaspades.faa_139_3",2,0,2,0,0,0,0,0,0
"bin_59_metaspades.faa_139_4",0,4,0,0,0,0,0,0,0
"bin_59_metaspades.faa_14_1",0,2,0,0,0,0,0,0,0
"bin_59_metaspades.faa_14_2",8,0,0,0,0,0,0,0,0
"bin_59_metaspades.faa_14_3",0,0,0,0,0,0,0,0,0
"bin_59_metaspades.faa_14_4",0,0,0,0,0,0,0,0,0
"bin_59_metaspades.faa_14_5",0,0,0,0,0,0,0,0,0
"bin_59_metaspades.faa_14_6",19,16,12,0,0,0,0,0,0
"bin_59_metaspades.faa_140_1",0,0,0,0,0,0,0,0,0
"bin_59_metaspades.faa_140_2",0,0,0,0,0,0,0,0,0
"bin_59_metaspades.faa_140_3",0,0,0,0,0,0,0,0,0
"bin_59_metaspades.faa_140_4",0,0,0,0,0,0,0,2,0
"bin_59_metaspades.faa_140_5",0,0,0,0,0,0,0,0,0
"bin_59_metaspades.faa_141_1",7,0,0,2,0,0,0,0,0
"bin_59_metaspades.faa_141_2",0,0,0,0,0,0,0,0,0
"bin_59_metaspades.faa_141_3",0,0,0,0,0,0,0,0,0
"bin_59_metaspades.faa_142_1",2,0,0,0,0,0,0,0,0
"bin_59_metaspades.faa_142_2",0,0,0,0,0,0,0,0,0
"bin_59_metaspades.faa_143_1",0,0,0,0,0,0,0,0,0
"bin_59_metaspades.faa_143_2",8,0,0,0,0,0,0,0,0
"bin_59_metaspades.faa_143_3",0,0,6,0,0,0,0,0,0
"bin_59_metaspades.faa_144_1",0,2,0,2,2,0,0,0,0
"bin_59_metaspades.faa_144_2",2,2,0,0,0,0,0,0,0
"bin_59_metaspades.faa_145_1",0,0,0,0,0,0,0,0,0
"bin_59_metaspades.faa_145_2",4,6,18,0,0,0,0,0,0
"bin_59_metaspades.faa_145_3",0,2,2,0,0,0,0,0,0
"bin_59_metaspades.faa_145_4",0,0,0,0,0,0,0,0,0
"bin_59_metaspades.faa_146_1",0,4,2,0,0,0,0,0,0
"bin_59_metaspades.faa_146_2",2,2,0,6,0,0,0,0,0
"bin_59_metaspades.faa_146_3",0,3,0,0,0,0,0,0,0
"bin_59_metaspades.faa_146_4",0,0,0,0,0,0,0,0,0
"bin_59_metaspades.faa_146_5",0,2,2,0,0,0,0,0,0
"bin_59_metaspades.faa_147_1",0,5,0,6,0,0,0,2,0
"bin_59_metaspades.faa_147_2",0,2,0,0,0,0,0,0,0
"bin_59_metaspades.faa_147_3",4,4,0,0,0,0,0,0,0
"bin_59_metaspades.faa_147_4",0,0,0,0,0,0,0,0,0
"bin_59_metaspades.faa_148_1",0,0,0,0,0,0,0,0,0
"bin_59_metaspades.faa_148_2",6,0,6,6,0,0,0,0,0
"bin_59_metaspades.faa_148_3",5,2,0,0,0,0,0,2,0
"bin_59_metaspades.faa_148_4",0,2,0,0,0,0,0,0,0
"bin_59_metaspades.faa_148_5",0,0,0,0,0,0,0,0,0
"bin_59_metaspades.faa_149_1",2,0,6,0,0,0,0,0,0
"bin_59_metaspades.faa_149_2",0,0,0,0,0,0,0,0,0
"bin_59_metaspades.faa_149_3",6,0,0,6,0,0,0,0,0
"bin_59_metaspades.faa_149_4",0,0,2,0,0,0,0,0,0
"bin_59_metaspades.faa_149_5",3,1,0,0,0,0,0,0,0
"bin_59_metaspades.faa_15_1",0,0,0,0,0,0,0,0,0
"bin_59_metaspades.faa_15_10",0,0,0,0,0,0,0,0,0
"bin_59_metaspades.faa_15_2",0,0,0,0,0,0,0,0,0
"bin_59_metaspades.faa_15_3",0,0,0,0,0,0,0,0,0
"bin_59_metaspades.faa_15_4",0,0,0,0,0,0,0,0,0
"bin_59_metaspades.faa_15_5",0,0,0,0,0,0,0,0,0
"bin_59_metaspades.faa_15_6",0,0,0,0,0,0,0,0,0
"bin_59_metaspades.faa_15_7",0,0,0,0,0,0,0,0,0
"bin_59_metaspades.faa_15_8",2,0,0,0,0,0,0,0,0
"bin_59_metaspades.faa_15_9",0,0,2,0,0,0,0,0,0
"bin_59_metaspades.faa_150_1",0,0,0,0,0,0,0,0,0
"bin_59_metaspades.faa_150_2",0,0,0,0,0,0,0,0,0
"bin_59_metaspades.faa_150_3",0,0,4,0,0,0,0,0,0
"bin_59_metaspades.faa_150_4",0,0,4,0,0,0,0,0,0
"bin_59_metaspades.faa_150_5",0,0,0,0,0,0,0,0,0
"bin_59_metaspades.faa_151_1",0,0,0,0,0,0,0,0,0
"bin_59_metaspades.faa_151_2",4,0,6,0,0,0,0,0,0
"bin_59_metaspades.faa_151_3",20,8,0,6,0,0,0,0,0
"bin_59_metaspades.faa_152_1",0,0,0,0,0,0,0,0,0
"bin_59_metaspades.faa_152_2",0,0,0,0,0,0,0,0,0
"bin_59_metaspades.faa_152_3",0,0,0,0,0,0,0,0,0
"bin_59_metaspades.faa_152_4",0,0,0,0,0,0,0,0,0
"bin_59_metaspades.faa_152_5",0,0,1,0,0,0,0,0,0
"bin_59_metaspades.faa_153_1",0,0,0,0,0,0,0,0,0
"bin_59_metaspades.faa_153_2",0,0,0,0,0,0,0,0,0
"bin_59_metaspades.faa_153_3",0,0,0,0,0,0,0,0,0
"bin_59_metaspades.faa_153_4",4,0,0,2,0,0,0,0,0
"bin_59_metaspades.faa_154_1",2,3,0,0,0,0,0,0,0
"bin_59_metaspades.faa_154_2",0,0,0,0,0,0,0,0,0
"bin_59_metaspades.faa_154_3",0,0,2,0,0,0,0,0,0
"bin_59_metaspades.faa_154_4",8,12,16,16,0,0,0,0,1
"bin_59_metaspades.faa_155_1",0,0,0,0,0,0,0,0,0
"bin_59_metaspades.faa_155_2",0,0,0,0,0,0,0,0,0
"bin_59_metaspades.faa_155_3",0,2,2,4,0,0,0,2,0
"bin_59_metaspades.faa_155_4",0,0,0,2,0,0,0,0,0
"bin_59_metaspades.faa_156_1",0,3,0,0,0,0,0,0,0
"bin_59_metaspades.faa_156_2",0,0,0,0,0,0,0,0,0
"bin_59_metaspades.faa_156_3",2,0,2,0,0,0,0,0,0
"bin_59_metaspades.faa_156_4",0,0,0,0,0,0,0,0,0
"bin_59_metaspades.faa_157_1",2,1,0,4,0,0,0,0,1
"bin_59_metaspades.faa_157_2",0,0,0,0,0,0,0,0,0
"bin_59_metaspades.faa_157_3",0,0,0,0,0,0,0,0,0
"bin_59_metaspades.faa_157_4",0,0,0,0,0,0,0,0,0
"bin_59_metaspades.faa_158_1",0,0,0,0,0,0,0,2,0
"bin_59_metaspades.faa_158_2",0,0,0,0,0,0,0,0,0
"bin_59_metaspades.faa_158_3",4,4,2,14,0,0,0,0,4
"bin_59_metaspades.faa_158_4",4,0,0,0,0,0,0,0,0
"bin_59_metaspades.faa_159_1",0,0,0,0,0,0,0,0,0
"bin_59_metaspades.faa_159_2",0,2,2,0,0,0,0,0,0
"bin_59_metaspades.faa_159_3",0,0,0,0,0,0,0,0,0
"bin_59_metaspades.faa_159_4",0,0,0,0,0,0,0,0,0
"bin_59_metaspades.faa_16_1",0,0,0,0,0,0,0,0,0
"bin_59_metaspades.faa_16_2",4,0,0,4,0,0,0,0,0
"bin_59_metaspades.faa_16_3",0,2,6,0,0,0,0,0,0
"bin_59_metaspades.faa_16_4",0,0,0,0,0,0,0,0,0
"bin_59_metaspades.faa_16_5",0,0,4,0,0,0,0,0,0
"bin_59_metaspades.faa_16_6",0,0,0,4,0,0,0,0,0
"bin_59_metaspades.faa_16_7",4,2,0,6,0,0,0,0,0
"bin_59_metaspades.faa_16_8",0,0,0,2,0,0,0,0,0
"bin_59_metaspades.faa_16_9",0,0,0,0,0,0,0,0,0
"bin_59_metaspades.faa_160_1",0,0,0,0,0,0,0,0,0
"bin_59_metaspades.faa_160_2",0,0,0,0,0,0,0,0,0
"bin_59_metaspades.faa_160_3",2,2,0,0,0,0,0,0,0
"bin_59_metaspades.faa_160_4",0,0,1,0,0,0,0,0,0
"bin_59_metaspades.faa_160_5",0,0,0,0,0,0,0,0,0
"bin_59_metaspades.faa_161_1",12,4,4,2,0,0,0,0,0
"bin_59_metaspades.faa_161_2",0,2,0,4,0,0,0,0,0
"bin_59_metaspades.faa_162_1",0,0,0,0,0,0,0,0,0
"bin_59_metaspades.faa_162_2",2,0,0,0,0,0,0,0,0
"bin_59_metaspades.faa_162_3",0,0,0,0,0,0,0,0,0
"bin_59_metaspades.faa_163_1",0,0,0,0,0,0,0,0,0
"bin_59_metaspades.faa_163_2",0,4,0,0,0,0,0,0,0
"bin_59_metaspades.faa_163_3",0,0,0,0,0,0,0,0,0
"bin_59_metaspades.faa_163_4",2,0,0,0,0,0,0,0,0
"bin_59_metaspades.faa_164_1",0,0,0,0,0,0,0,0,0
"bin_59_metaspades.faa_164_2",2,0,4,0,0,0,0,0,0
"bin_59_metaspades.faa_164_3",0,0,0,2,0,0,0,0,0
"bin_59_metaspades.faa_164_4",2,2,0,8,0,0,0,0,0
"bin_59_metaspades.faa_165_1",6,0,0,0,0,0,0,0,0
"bin_59_metaspades.faa_165_2",0,0,0,0,0,0,0,0,0
"bin_59_metaspades.faa_166_1",0,0,0,0,0,0,0,0,0
"bin_59_metaspades.faa_166_2",2,0,0,0,0,0,0,0,0
"bin_59_metaspades.faa_167_1",4,0,0,0,0,0,0,0,0
"bin_59_metaspades.faa_167_2",0,0,0,0,0,0,0,0,0
"bin_59_metaspades.faa_167_3",0,0,0,0,0,0,0,0,0
"bin_59_metaspades.faa_167_4",0,0,0,0,0,0,0,0,0
"bin_59_metaspades.faa_167_5",1,0,0,0,0,0,0,0,0
"bin_59_metaspades.faa_167_6",0,0,0,0,0,0,0,0,0
"bin_59_metaspades.faa_168_1",0,2,0,0,0,0,0,0,0
"bin_59_metaspades.faa_168_2",2,0,0,4,0,0,0,0,0
"bin_59_metaspades.faa_168_3",0,0,0,4,0,0,0,0,0
"bin_59_metaspades.faa_169_1",0,4,0,8,0,0,0,0,0
"bin_59_metaspades.faa_169_2",2,0,0,16,0,0,0,0,0
"bin_59_metaspades.faa_169_3",0,0,0,0,0,0,0,0,0
"bin_59_metaspades.faa_169_4",0,0,0,0,0,0,0,0,0
"bin_59_metaspades.faa_169_5",0,0,0,0,0,0,0,0,0
"bin_59_metaspades.faa_17_1",0,0,0,0,0,0,0,0,0
"bin_59_metaspades.faa_17_2",0,0,0,0,0,0,0,0,0
"bin_59_metaspades.faa_17_3",0,0,0,0,0,0,0,0,0
"bin_59_metaspades.faa_17_4",0,0,0,0,0,0,0,0,0
"bin_59_metaspades.faa_17_5",0,0,0,0,0,0,0,0,0
"bin_59_metaspades.faa_17_6",4,0,2,0,2,0,0,0,0
"bin_59_metaspades.faa_17_7",0,0,6,0,0,0,0,2,0
"bin_59_metaspades.faa_17_8",0,0,0,0,0,0,0,0,0
"bin_59_metaspades.faa_17_9",0,0,0,0,0,0,0,0,0
"bin_59_metaspades.faa_170_1",0,0,0,0,0,0,0,0,0
"bin_59_metaspades.faa_170_2",0,0,0,0,0,0,0,0,0
"bin_59_metaspades.faa_170_3",0,4,10,0,0,0,0,0,0
"bin_59_metaspades.faa_170_4",4,4,2,6,0,0,0,0,0
"bin_59_metaspades.faa_171_1",1,0,0,0,0,0,0,0,0
"bin_59_metaspades.faa_171_2",0,0,0,0,0,0,0,0,0
"bin_59_metaspades.faa_171_3",0,0,0,0,0,0,0,0,0
"bin_59_metaspades.faa_171_4",0,0,0,0,0,0,0,0,0
"bin_59_metaspades.faa_171_5",0,0,4,0,0,0,0,0,0
"bin_59_metaspades.faa_171_6",0,0,0,0,0,0,0,0,6
"bin_59_metaspades.faa_172_1",0,0,0,16,0,0,0,0,2
"bin_59_metaspades.faa_172_2",0,4,0,0,0,0,0,0,0
"bin_59_metaspades.faa_172_3",0,0,0,2,0,0,0,0,0
"bin_59_metaspades.faa_172_4",0,0,0,0,0,0,0,0,0
"bin_59_metaspades.faa_172_5",10,6,0,8,0,0,0,0,0
"bin_59_metaspades.faa_173_1",0,6,0,0,0,0,0,0,0
"bin_59_metaspades.faa_173_2",0,1,0,0,0,0,0,0,0
"bin_59_metaspades.faa_173_3",0,0,0,0,0,0,0,0,0
"bin_59_metaspades.faa_173_4",0,0,0,0,0,0,0,0,0
"bin_59_metaspades.faa_174_1",0,0,1,6,0,0,0,0,0
"bin_59_metaspades.faa_174_2",0,0,0,0,0,0,0,0,0
"bin_59_metaspades.faa_175_1",0,0,0,0,0,0,0,0,0
"bin_59_metaspades.faa_175_2",0,0,0,0,0,0,0,0,0
"bin_59_metaspades.faa_175_3",0,0,0,2,0,0,0,0,2
"bin_59_metaspades.faa_176_1",0,0,0,0,0,0,0,0,0
"bin_59_metaspades.faa_176_2",0,0,2,0,0,0,0,0,0
"bin_59_metaspades.faa_176_3",2,4,0,0,0,2,0,2,0
"bin_59_metaspades.faa_176_4",0,2,0,0,0,0,0,0,0
"bin_59_metaspades.faa_177_1",0,0,0,0,0,0,0,0,0
"bin_59_metaspades.faa_177_2",6,0,0,2,2,0,0,0,0
"bin_59_metaspades.faa_177_3",0,0,0,0,0,0,0,0,0
"bin_59_metaspades.faa_177_4",0,0,0,0,0,0,0,0,0
"bin_59_metaspades.faa_178_1",0,0,0,0,0,0,0,0,0
"bin_59_metaspades.faa_178_2",0,0,10,0,2,0,0,0,0
"bin_59_metaspades.faa_178_3",0,0,0,0,0,0,0,0,0
"bin_59_metaspades.faa_178_4",0,0,4,0,0,0,0,0,0
"bin_59_metaspades.faa_178_5",0,0,0,0,0,0,0,0,0
"bin_59_metaspades.faa_179_1",0,0,0,0,0,0,0,0,0
"bin_59_metaspades.faa_179_2",0,0,0,0,0,0,0,0,0
"bin_59_metaspades.faa_179_3",0,0,0,0,2,0,0,0,0
"bin_59_metaspades.faa_18_1",0,0,0,0,0,0,0,0,0
"bin_59_metaspades.faa_18_10",1,2,0,0,0,0,0,0,0
"bin_59_metaspades.faa_18_2",0,0,0,0,0,0,0,0,0
"bin_59_metaspades.faa_18_3",0,0,0,0,0,0,0,0,0
"bin_59_metaspades.faa_18_4",0,0,0,0,0,0,0,0,0
"bin_59_metaspades.faa_18_5",0,0,0,0,2,0,0,0,0
"bin_59_metaspades.faa_18_6",0,0,0,0,0,0,0,0,0
"bin_59_metaspades.faa_18_7",0,2,0,0,0,0,0,0,0
"bin_59_metaspades.faa_18_8",0,0,0,0,0,0,0,0,0
"bin_59_metaspades.faa_18_9",8,2,2,0,0,0,0,0,0
"bin_59_metaspades.faa_180_1",0,2,2,0,0,0,0,0,0
"bin_59_metaspades.faa_180_2",0,0,0,0,0,0,0,0,0
"bin_59_metaspades.faa_180_3",0,0,0,8,0,0,0,0,0
"bin_59_metaspades.faa_181_1",0,0,4,0,0,0,0,0,2
"bin_59_metaspades.faa_181_2",2,0,0,0,0,0,0,0,0
"bin_59_metaspades.faa_181_3",0,0,0,0,0,0,0,0,0
"bin_59_metaspades.faa_182_1",1,0,0,0,0,0,0,0,0
"bin_59_metaspades.faa_182_2",1,0,0,0,0,0,0,0,0
"bin_59_metaspades.faa_182_3",0,0,0,0,0,0,0,0,0
"bin_59_metaspades.faa_183_1",6,13,10,6,0,0,0,0,0
"bin_59_metaspades.faa_183_2",5,2,0,0,0,0,0,0,0
"bin_59_metaspades.faa_184_1",0,0,0,0,0,0,0,0,0
"bin_59_metaspades.faa_184_2",0,4,0,0,1,0,0,0,0
"bin_59_metaspades.faa_184_3",2,0,0,0,0,0,0,0,0
"bin_59_metaspades.faa_184_4",0,2,0,0,0,0,0,0,0
"bin_59_metaspades.faa_185_1",0,0,1,0,0,0,0,0,0
"bin_59_metaspades.faa_185_2",0,0,0,0,0,0,0,0,0
"bin_59_metaspades.faa_185_3",0,0,0,0,0,0,0,0,0
"bin_59_metaspades.faa_185_4",0,0,0,0,0,0,0,0,0
"bin_59_metaspades.faa_186_1",0,0,0,0,0,0,0,0,0
"bin_59_metaspades.faa_186_2",0,0,0,0,0,0,0,0,0
"bin_59_metaspades.faa_187_1",0,0,0,0,2,0,0,0,0
"bin_59_metaspades.faa_187_2",0,0,0,0,0,0,0,0,0
"bin_59_metaspades.faa_187_3",1,0,0,0,0,0,0,0,0
"bin_59_metaspades.faa_187_4",0,0,0,3,0,0,0,0,0
"bin_59_metaspades.faa_187_5",0,3,5,0,0,0,0,0,0
"bin_59_metaspades.faa_188_1",0,0,0,0,0,0,0,0,0
"bin_59_metaspades.faa_188_2",0,0,6,4,0,0,0,0,0
"bin_59_metaspades.faa_188_3",0,0,2,0,0,0,0,0,0
"bin_59_metaspades.faa_189_1",0,0,0,0,0,0,0,0,0
"bin_59_metaspades.faa_189_2",0,0,0,0,0,0,0,0,0
"bin_59_metaspades.faa_189_3",0,0,0,0,0,0,0,0,0
"bin_59_metaspades.faa_189_4",2,0,0,0,0,0,0,0,0
"bin_59_metaspades.faa_19_1",0,0,0,0,0,0,0,0,0
"bin_59_metaspades.faa_19_2",12,0,6,2,0,0,0,2,0
"bin_59_metaspades.faa_19_3",0,0,0,0,0,0,0,0,0
"bin_59_metaspades.faa_19_4",0,0,0,0,0,0,0,0,0
"bin_59_metaspades.faa_19_5",0,4,0,0,0,0,0,0,0
"bin_59_metaspades.faa_19_6",2,0,0,0,0,0,0,0,0
"bin_59_metaspades.faa_19_7",0,2,0,0,0,0,0,0,0
"bin_59_metaspades.faa_190_1",0,2,0,0,0,0,0,0,0
"bin_59_metaspades.faa_190_2",0,2,0,0,0,0,0,0,0
"bin_59_metaspades.faa_190_3",9,4,0,4,0,0,0,2,0
"bin_59_metaspades.faa_191_1",4,0,0,0,0,0,0,0,0
"bin_59_metaspades.faa_191_2",0,0,0,0,0,0,0,0,0
"bin_59_metaspades.faa_191_3",0,0,0,0,0,0,0,0,0
"bin_59_metaspades.faa_191_4",0,0,0,4,0,0,0,0,0
"bin_59_metaspades.faa_191_5",0,0,0,0,0,0,0,0,0
"bin_59_metaspades.faa_192_1",0,0,0,0,0,0,0,0,0
"bin_59_metaspades.faa_192_2",0,0,0,0,0,0,0,0,0
"bin_59_metaspades.faa_192_3",2,0,0,0,0,0,0,0,0
"bin_59_metaspades.faa_192_4",0,0,0,0,0,0,0,0,4
"bin_59_metaspades.faa_193_1",0,3,1,0,0,0,0,0,0
"bin_59_metaspades.faa_193_2",0,0,0,0,0,0,0,0,0
"bin_59_metaspades.faa_193_3",0,2,0,0,0,0,0,0,0
"bin_59_metaspades.faa_193_4",1,0,0,0,0,0,0,0,0
"bin_59_metaspades.faa_193_5",1,2,0,0,0,0,0,2,0
"bin_59_metaspades.faa_194_1",0,0,0,0,0,0,0,0,0
"bin_59_metaspades.faa_194_2",0,0,0,0,0,0,0,0,0
"bin_59_metaspades.faa_194_3",0,0,0,0,0,0,0,0,0
"bin_59_metaspades.faa_194_4",3,2,0,2,0,0,0,0,0
"bin_59_metaspades.faa_194_5",0,0,0,0,0,0,0,0,0
"bin_59_metaspades.faa_195_1",2,0,0,0,0,0,0,0,0
"bin_59_metaspades.faa_195_2",0,0,0,0,0,0,0,0,0
"bin_59_metaspades.faa_195_3",0,0,0,0,0,0,0,0,0
"bin_59_metaspades.faa_196_1",0,0,0,0,0,0,0,0,0
"bin_59_metaspades.faa_196_2",6,0,0,4,0,0,0,0,0
"bin_59_metaspades.faa_196_3",0,0,2,6,0,0,0,0,8
"bin_59_metaspades.faa_197_1",0,2,0,0,0,0,0,0,0
"bin_59_metaspades.faa_197_2",14,0,28,0,0,0,0,0,0
"bin_59_metaspades.faa_197_3",0,0,0,0,0,0,0,0,1
"bin_59_metaspades.faa_198_1",0,0,0,0,0,0,0,0,0
"bin_59_metaspades.faa_198_2",0,2,8,0,0,0,0,0,0
"bin_59_metaspades.faa_198_3",4,2,0,0,2,0,0,0,0
"bin_59_metaspades.faa_199_1",12,10,4,12,0,0,0,0,0
"bin_59_metaspades.faa_199_2",0,0,0,0,0,0,0,0,0
"bin_59_metaspades.faa_2_1",9,4,6,2,0,0,0,0,6
"bin_59_metaspades.faa_2_10",2,0,0,0,0,0,0,0,0
"bin_59_metaspades.faa_2_11",0,0,0,0,0,0,0,0,0
"bin_59_metaspades.faa_2_12",0,0,2,2,0,0,0,0,0
"bin_59_metaspades.faa_2_2",8,0,0,0,0,0,0,0,1
"bin_59_metaspades.faa_2_3",2,2,4,1,0,0,0,0,2
"bin_59_metaspades.faa_2_4",0,3,0,0,0,0,0,0,0
"bin_59_metaspades.faa_2_5",0,0,0,0,0,0,0,0,0
"bin_59_metaspades.faa_2_6",16,2,4,6,0,0,0,2,0
"bin_59_metaspades.faa_2_7",0,0,0,0,0,0,0,0,0
"bin_59_metaspades.faa_2_8",0,0,0,0,0,0,0,0,0
"bin_59_metaspades.faa_2_9",0,0,0,0,0,0,0,0,0
"bin_59_metaspades.faa_20_1",1,2,0,0,0,0,0,0,0
"bin_59_metaspades.faa_20_2",0,0,0,0,0,0,0,0,0
"bin_59_metaspades.faa_20_3",14,10,4,8,0,0,0,0,0
"bin_59_metaspades.faa_20_4",2,6,4,4,0,0,0,0,0
"bin_59_metaspades.faa_20_5",0,3,0,0,0,0,0,0,0
"bin_59_metaspades.faa_20_6",0,0,0,0,0,0,0,0,0
"bin_59_metaspades.faa_20_7",2,0,5,0,0,0,0,0,0
"bin_59_metaspades.faa_200_1",0,0,0,0,0,0,0,0,0
"bin_59_metaspades.faa_200_2",13,3,3,1,0,0,0,1,0
"bin_59_metaspades.faa_200_3",0,0,0,0,0,0,0,0,0
"bin_59_metaspades.faa_201_1",4,4,0,6,0,0,0,0,0
"bin_59_metaspades.faa_201_2",2,0,2,0,0,0,2,0,0
"bin_59_metaspades.faa_202_1",34,24,43,21,0,0,0,2,0
"bin_59_metaspades.faa_202_2",4,3,14,1,0,0,0,6,16
"bin_59_metaspades.faa_202_3",12,11,2,12,0,0,0,2,3
"bin_59_metaspades.faa_203_1",1,0,0,0,0,0,0,0,0
"bin_59_metaspades.faa_203_2",0,0,0,0,0,0,0,0,0
"bin_59_metaspades.faa_203_3",13,17,10,9,0,0,0,0,0
"bin_59_metaspades.faa_203_4",0,0,0,0,0,0,0,0,0
"bin_59_metaspades.faa_203_5",0,0,0,0,0,0,0,0,0
"bin_59_metaspades.faa_204_1",0,0,0,0,0,0,0,2,0
"bin_59_metaspades.faa_204_2",0,0,0,0,0,0,0,0,0
"bin_59_metaspades.faa_204_3",2,0,0,0,0,0,0,0,0
"bin_59_metaspades.faa_204_4",0,0,0,0,0,0,0,0,0
"bin_59_metaspades.faa_205_1",6,0,2,0,0,0,0,0,0
"bin_59_metaspades.faa_205_2",0,0,0,0,0,0,0,0,0
"bin_59_metaspades.faa_206_1",2,0,0,0,0,0,0,0,0
"bin_59_metaspades.faa_206_2",0,0,0,0,0,0,0,0,0
"bin_59_metaspades.faa_206_3",2,0,0,0,0,0,0,0,0
"bin_59_metaspades.faa_207_1",0,0,0,0,0,0,0,0,0
"bin_59_metaspades.faa_207_2",0,0,2,0,0,0,0,0,0
"bin_59_metaspades.faa_207_3",0,0,0,0,0,0,0,0,0
"bin_59_metaspades.faa_207_4",0,0,2,2,0,0,0,0,0
"bin_59_metaspades.faa_207_5",4,0,0,0,0,0,0,0,0
"bin_59_metaspades.faa_208_1",0,0,0,0,0,0,0,0,0
"bin_59_metaspades.faa_208_2",0,6,0,0,0,0,0,0,4
"bin_59_metaspades.faa_208_3",0,0,0,0,0,0,0,0,0
"bin_59_metaspades.faa_208_4",2,0,2,4,0,0,0,0,0
"bin_59_metaspades.faa_209_1",0,0,4,0,0,0,0,0,0
"bin_59_metaspades.faa_209_2",2,0,2,3,0,0,0,0,0
"bin_59_metaspades.faa_209_3",0,0,0,0,0,0,0,0,0
"bin_59_metaspades.faa_209_4",0,0,0,0,0,0,0,0,0
"bin_59_metaspades.faa_21_1",0,0,0,0,0,0,0,0,0
"bin_59_metaspades.faa_21_10",0,0,0,0,0,0,0,0,0
"bin_59_metaspades.faa_21_2",0,0,0,0,0,0,0,0,0
"bin_59_metaspades.faa_21_3",0,0,0,0,0,0,0,0,0
"bin_59_metaspades.faa_21_4",0,0,0,0,0,0,0,0,0
"bin_59_metaspades.faa_21_5",0,0,0,0,0,0,0,0,0
"bin_59_metaspades.faa_21_6",0,0,0,0,0,0,0,0,0
"bin_59_metaspades.faa_21_7",0,0,0,0,0,0,0,0,0
"bin_59_metaspades.faa_21_8",0,0,0,0,0,0,0,0,0
"bin_59_metaspades.faa_21_9",0,0,0,0,0,0,0,0,0
"bin_59_metaspades.faa_210_1",0,0,0,0,0,0,0,0,0
"bin_59_metaspades.faa_210_2",0,0,0,2,0,0,0,0,0
"bin_59_metaspades.faa_210_3",1,0,0,0,0,0,0,0,0
"bin_59_metaspades.faa_210_4",0,0,0,0,0,0,0,0,0
"bin_59_metaspades.faa_211_1",0,2,0,0,0,0,0,0,0
"bin_59_metaspades.faa_211_2",0,0,0,0,0,0,0,0,0
"bin_59_metaspades.faa_211_3",0,2,0,0,0,0,0,0,0
"bin_59_metaspades.faa_212_1",2,0,0,0,0,0,0,0,0
"bin_59_metaspades.faa_212_2",1,0,0,0,0,0,0,0,0
"bin_59_metaspades.faa_212_3",0,2,0,0,0,0,0,0,0
"bin_59_metaspades.faa_212_4",0,0,0,0,0,0,0,0,0
"bin_59_metaspades.faa_213_1",0,2,6,0,0,0,0,0,2
"bin_59_metaspades.faa_213_2",0,2,0,0,0,0,0,0,0
"bin_59_metaspades.faa_213_3",0,0,6,0,0,0,0,0,0
"bin_59_metaspades.faa_214_1",0,0,0,0,0,0,0,0,0
"bin_59_metaspades.faa_214_2",0,0,0,0,0,0,0,0,0
"bin_59_metaspades.faa_214_3",6,4,0,4,0,0,0,0,0
"bin_59_metaspades.faa_214_4",0,2,0,0,0,0,0,0,0
"bin_59_metaspades.faa_215_1",3,0,1,0,0,0,0,0,0
"bin_59_metaspades.faa_215_2",10,4,4,0,0,2,0,0,0
"bin_59_metaspades.faa_215_3",0,1,0,1,0,2,0,0,0
"bin_59_metaspades.faa_216_1",0,0,0,0,0,0,0,0,0
"bin_59_metaspades.faa_216_2",0,0,0,0,0,0,0,0,0
"bin_59_metaspades.faa_217_1",8,9,2,10,4,2,2,2,4
"bin_59_metaspades.faa_217_2",0,4,1,0,0,0,0,0,0
"bin_59_metaspades.faa_218_1",0,0,0,0,0,0,0,0,0
"bin_59_metaspades.faa_218_2",0,0,0,0,0,0,0,0,0
"bin_59_metaspades.faa_218_3",0,0,0,0,0,0,0,0,0
"bin_59_metaspades.faa_218_4",0,0,0,0,0,0,0,0,0
"bin_59_metaspades.faa_219_1",0,0,0,0,0,0,0,0,0
"bin_59_metaspades.faa_219_2",2,0,2,0,0,0,0,0,2
"bin_59_metaspades.faa_219_3",0,0,0,0,0,0,0,0,0
"bin_59_metaspades.faa_22_1",0,0,0,3,0,0,0,0,0
"bin_59_metaspades.faa_22_2",0,0,0,0,0,0,0,0,0
"bin_59_metaspades.faa_22_3",0,0,0,0,0,0,0,0,0
"bin_59_metaspades.faa_22_4",0,1,0,0,0,0,0,0,0
"bin_59_metaspades.faa_22_5",0,0,0,0,0,0,0,0,0
"bin_59_metaspades.faa_22_6",0,0,0,0,0,0,0,0,0
"bin_59_metaspades.faa_22_7",0,0,0,0,0,0,0,0,0
"bin_59_metaspades.faa_22_8",14,18,16,6,0,0,0,2,0
"bin_59_metaspades.faa_220_1",0,0,2,0,0,0,0,0,0
"bin_59_metaspades.faa_220_2",0,0,0,0,0,0,0,0,0
"bin_59_metaspades.faa_220_3",0,2,0,0,0,0,0,0,0
"bin_59_metaspades.faa_220_4",0,0,0,0,0,0,0,0,0
"bin_59_metaspades.faa_220_5",0,0,0,0,0,0,0,0,0
"bin_59_metaspades.faa_221_1",0,0,0,0,0,0,0,0,0
"bin_59_metaspades.faa_221_2",0,2,0,0,0,0,0,0,0
"bin_59_metaspades.faa_221_3",10,0,0,2,0,0,0,0,0
"bin_59_metaspades.faa_222_1",0,0,0,0,0,0,0,0,0
"bin_59_metaspades.faa_222_2",4,0,0,0,0,0,0,0,0
"bin_59_metaspades.faa_222_3",0,0,0,0,0,0,0,0,0
"bin_59_metaspades.faa_223_1",0,0,10,0,1,0,0,2,0
"bin_59_metaspades.faa_223_2",0,0,0,0,0,0,0,0,0
"bin_59_metaspades.faa_224_1",0,2,0,0,0,0,0,0,0
"bin_59_metaspades.faa_224_2",0,1,2,0,0,0,0,0,0
"bin_59_metaspades.faa_224_3",0,0,0,0,2,0,0,0,0
"bin_59_metaspades.faa_224_4",0,0,0,0,0,0,0,0,0
"bin_59_metaspades.faa_225_1",0,0,0,0,0,0,0,0,0
"bin_59_metaspades.faa_225_2",0,2,0,0,0,0,0,0,0
"bin_59_metaspades.faa_225_3",0,0,0,0,0,0,0,0,0
"bin_59_metaspades.faa_225_4",0,0,0,0,0,0,0,0,0
"bin_59_metaspades.faa_225_5",0,0,0,0,0,0,0,0,0
"bin_59_metaspades.faa_226_1",0,0,0,0,0,0,0,0,0
"bin_59_metaspades.faa_226_2",4,0,0,0,0,0,0,0,0
"bin_59_metaspades.faa_226_3",0,1,0,0,0,0,0,0,0
"bin_59_metaspades.faa_226_4",4,2,6,0,0,0,0,0,0
"bin_59_metaspades.faa_227_1",0,0,0,0,0,0,0,0,0
"bin_59_metaspades.faa_227_2",0,2,2,0,2,0,0,0,0
"bin_59_metaspades.faa_227_3",0,0,0,0,0,0,0,0,0
"bin_59_metaspades.faa_228_1",0,2,0,0,0,0,0,0,0
"bin_59_metaspades.faa_228_2",0,0,0,0,0,0,0,0,6
"bin_59_metaspades.faa_229_1",0,0,0,0,0,0,0,0,0
"bin_59_metaspades.faa_229_2",0,0,0,0,0,0,0,0,0
"bin_59_metaspades.faa_229_3",0,0,0,0,0,0,0,0,0
"bin_59_metaspades.faa_229_4",0,0,0,0,0,0,0,0,0
"bin_59_metaspades.faa_229_5",0,0,0,0,0,0,0,0,0
"bin_59_metaspades.faa_23_1",0,0,0,0,0,0,0,0,0
"bin_59_metaspades.faa_23_2",0,0,0,2,0,0,0,0,0
"bin_59_metaspades.faa_23_3",0,0,0,0,0,0,0,0,0
"bin_59_metaspades.faa_23_4",0,0,0,0,0,0,0,0,0
"bin_59_metaspades.faa_23_5",0,0,0,0,0,0,0,0,0
"bin_59_metaspades.faa_23_6",1,0,0,0,0,0,0,0,0
"bin_59_metaspades.faa_230_1",2,1,6,2,0,0,0,0,0
"bin_59_metaspades.faa_230_2",8,0,0,0,0,0,0,0,0
"bin_59_metaspades.faa_231_1",0,0,0,0,0,0,0,0,0
"bin_59_metaspades.faa_231_2",0,0,0,4,0,0,0,0,0
"bin_59_metaspades.faa_231_3",0,0,0,0,0,0,0,0,4
"bin_59_metaspades.faa_232_1",0,0,0,0,2,0,0,0,0
"bin_59_metaspades.faa_232_2",0,0,0,0,0,0,0,0,0
"bin_59_metaspades.faa_232_3",0,0,0,0,0,0,0,0,0
"bin_59_metaspades.faa_233_1",0,2,0,0,0,0,0,0,0
"bin_59_metaspades.faa_233_2",0,0,0,0,0,0,0,0,0
"bin_59_metaspades.faa_233_3",0,0,0,0,0,0,0,0,0
"bin_59_metaspades.faa_233_4",0,0,0,0,0,0,0,0,0
"bin_59_metaspades.faa_234_1",0,0,0,0,0,0,0,0,0
"bin_59_metaspades.faa_234_2",0,0,0,0,1,0,0,0,0
"bin_59_metaspades.faa_234_3",0,0,0,0,0,0,0,0,0
"bin_59_metaspades.faa_234_4",0,1,0,0,0,0,0,0,0
"bin_59_metaspades.faa_234_5",6,4,8,0,4,0,0,0,0
"bin_59_metaspades.faa_234_6",8,4,0,0,0,0,0,0,0
"bin_59_metaspades.faa_234_7",2,0,0,0,0,0,0,0,0
"bin_59_metaspades.faa_235_1",0,0,0,0,0,0,0,0,0
"bin_59_metaspades.faa_235_2",0,0,0,0,0,0,0,0,0
"bin_59_metaspades.faa_235_3",10,0,8,6,0,0,0,1,0
"bin_59_metaspades.faa_236_1",0,0,0,0,0,0,0,0,2
"bin_59_metaspades.faa_236_2",0,0,0,0,0,0,0,0,0
"bin_59_metaspades.faa_236_3",0,0,0,0,0,0,0,0,0
"bin_59_metaspades.faa_237_1",0,0,0,0,0,0,0,0,0
"bin_59_metaspades.faa_237_2",0,0,2,0,0,0,0,0,0
"bin_59_metaspades.faa_237_3",0,0,0,0,0,0,0,0,0
"bin_59_metaspades.faa_238_1",3,0,4,0,0,0,0,0,0
"bin_59_metaspades.faa_238_2",4,0,2,0,0,0,0,0,0
"bin_59_metaspades.faa_239_1",0,0,0,0,0,0,0,0,0
"bin_59_metaspades.faa_239_2",0,4,0,0,0,0,0,0,0
"bin_59_metaspades.faa_239_3",0,0,0,0,0,0,0,0,0
"bin_59_metaspades.faa_24_1",0,0,0,0,0,0,0,0,0
"bin_59_metaspades.faa_24_2",6,0,0,0,0,0,0,0,0
"bin_59_metaspades.faa_24_3",0,0,0,0,0,0,0,0,0
"bin_59_metaspades.faa_24_4",0,0,0,0,0,0,0,0,0
"bin_59_metaspades.faa_24_5",0,0,0,0,0,0,0,0,0
"bin_59_metaspades.faa_24_6",0,0,0,0,0,0,0,0,0
"bin_59_metaspades.faa_24_7",0,0,0,0,0,0,0,0,0
"bin_59_metaspades.faa_240_1",0,0,0,8,0,0,0,0,0
"bin_59_metaspades.faa_241_1",5,2,0,2,0,0,0,0,0
"bin_59_metaspades.faa_241_2",6,2,8,14,0,0,0,0,0
"bin_59_metaspades.faa_241_3",4,12,9,4,2,0,0,0,0
"bin_59_metaspades.faa_241_4",35,29,9,33,2,1,0,2,2
"bin_59_metaspades.faa_242_1",0,2,2,2,0,0,0,0,0
"bin_59_metaspades.faa_242_2",0,0,0,0,0,0,0,0,0
"bin_59_metaspades.faa_242_3",0,0,0,0,0,0,0,0,0
"bin_59_metaspades.faa_243_1",0,0,0,0,0,0,0,0,0
"bin_59_metaspades.faa_243_2",0,2,0,0,0,0,0,0,0
"bin_59_metaspades.faa_243_3",0,0,0,0,0,0,0,0,0
"bin_59_metaspades.faa_244_1",36,20,16,22,6,2,0,2,8
"bin_59_metaspades.faa_244_2",6,2,8,0,0,0,0,0,0
"bin_59_metaspades.faa_244_3",103,147,119,86,20,14,0,17,31
"bin_59_metaspades.faa_245_1",0,4,8,0,0,0,0,2,0
"bin_59_metaspades.faa_245_2",0,0,0,0,0,0,0,0,0
"bin_59_metaspades.faa_245_3",2,0,0,0,0,0,0,0,0
"bin_59_metaspades.faa_246_1",0,0,0,0,0,0,0,0,0
"bin_59_metaspades.faa_246_2",0,0,0,0,0,0,0,0,0
"bin_59_metaspades.faa_246_3",0,0,6,0,0,0,0,0,0
"bin_59_metaspades.faa_246_4",0,0,1,0,0,0,0,0,0
"bin_59_metaspades.faa_247_1",0,0,0,0,0,0,0,0,0
"bin_59_metaspades.faa_247_2",2,0,0,0,0,0,0,0,0
"bin_59_metaspades.faa_248_1",0,2,0,0,0,0,0,0,0
"bin_59_metaspades.faa_248_2",2,0,0,0,0,0,0,0,0
"bin_59_metaspades.faa_248_3",4,0,0,0,0,0,0,0,0
"bin_59_metaspades.faa_249_1",0,0,0,5,0,0,0,0,0
"bin_59_metaspades.faa_249_2",0,0,0,0,0,0,0,0,0
"bin_59_metaspades.faa_25_1",4,0,0,0,0,0,0,0,0
"bin_59_metaspades.faa_25_2",1,0,0,0,0,0,0,0,0
"bin_59_metaspades.faa_25_3",8,4,14,2,0,0,0,0,0
"bin_59_metaspades.faa_25_4",0,0,0,0,0,0,0,0,0
"bin_59_metaspades.faa_25_5",4,0,0,0,0,0,0,0,0
"bin_59_metaspades.faa_25_6",0,0,0,0,0,0,0,0,0
"bin_59_metaspades.faa_250_1",0,0,0,0,0,0,0,0,0
"bin_59_metaspades.faa_250_2",8,2,2,10,0,0,0,0,4
"bin_59_metaspades.faa_250_3",0,0,0,0,0,0,0,0,0
"bin_59_metaspades.faa_250_4",0,0,0,0,0,0,0,0,0
"bin_59_metaspades.faa_251_1",2,2,2,0,0,0,0,0,0
"bin_59_metaspades.faa_251_2",0,0,0,0,0,0,0,0,0
"bin_59_metaspades.faa_252_1",0,0,0,0,0,0,0,0,0
"bin_59_metaspades.faa_252_2",0,0,0,0,0,0,0,0,0
"bin_59_metaspades.faa_252_3",0,0,0,0,0,0,0,0,0
"bin_59_metaspades.faa_253_1",0,0,2,4,0,0,0,0,0
"bin_59_metaspades.faa_253_2",2,0,0,0,0,0,0,0,0
"bin_59_metaspades.faa_253_3",0,0,0,0,0,0,0,0,0
"bin_59_metaspades.faa_254_1",2,0,8,2,0,0,0,0,0
"bin_59_metaspades.faa_254_2",0,0,0,0,0,0,0,0,0
"bin_59_metaspades.faa_255_1",0,0,0,0,0,0,0,0,0
"bin_59_metaspades.faa_255_2",0,0,0,0,0,0,0,0,0
"bin_59_metaspades.faa_255_3",0,0,0,0,0,0,0,0,0
"bin_59_metaspades.faa_256_1",0,0,0,0,0,0,0,0,0
"bin_59_metaspades.faa_256_2",0,0,0,0,0,0,0,0,0
"bin_59_metaspades.faa_256_3",0,0,0,0,0,0,0,0,0
"bin_59_metaspades.faa_257_1",0,0,0,0,0,0,0,0,0
"bin_59_metaspades.faa_257_2",0,0,0,0,0,0,0,0,0
"bin_59_metaspades.faa_257_3",0,0,0,0,0,0,0,0,0
"bin_59_metaspades.faa_258_1",2,0,0,0,0,0,0,0,0
"bin_59_metaspades.faa_258_2",10,5,0,4,0,0,0,0,0
"bin_59_metaspades.faa_258_3",2,7,4,0,0,0,0,0,0
"bin_59_metaspades.faa_258_4",0,0,0,0,0,0,0,0,0
"bin_59_metaspades.faa_259_1",6,0,0,0,0,0,0,0,0
"bin_59_metaspades.faa_259_2",2,0,4,4,0,0,0,0,0
"bin_59_metaspades.faa_259_3",0,2,0,0,0,0,0,0,0
"bin_59_metaspades.faa_26_1",3,2,2,0,0,0,0,0,0
"bin_59_metaspades.faa_26_2",2,0,0,0,0,0,0,0,0
"bin_59_metaspades.faa_26_3",0,0,0,0,0,0,0,0,0
"bin_59_metaspades.faa_26_4",2,0,2,0,0,0,0,0,0
"bin_59_metaspades.faa_26_5",2,0,0,0,0,0,0,0,0
"bin_59_metaspades.faa_26_6",9,2,4,4,0,0,0,0,0
"bin_59_metaspades.faa_26_7",0,0,0,0,0,0,0,0,0
"bin_59_metaspades.faa_26_8",0,0,0,0,0,0,0,2,0
"bin_59_metaspades.faa_260_1",0,0,0,0,0,0,0,0,0
"bin_59_metaspades.faa_260_2",4,0,0,0,0,0,0,0,0
"bin_59_metaspades.faa_260_3",6,4,0,10,0,0,0,2,0
"bin_59_metaspades.faa_260_4",0,0,0,0,0,0,0,0,0
"bin_59_metaspades.faa_261_1",0,0,0,0,0,0,0,0,0
"bin_59_metaspades.faa_261_2",0,0,0,0,0,0,0,0,0
"bin_59_metaspades.faa_261_3",0,0,0,0,0,0,0,0,0
"bin_59_metaspades.faa_261_4",0,0,0,0,0,0,0,0,0
"bin_59_metaspades.faa_262_1",4,6,5,2,0,0,0,0,0
"bin_59_metaspades.faa_262_2",4,2,0,0,0,0,0,0,0
"bin_59_metaspades.faa_262_3",6,2,0,2,0,0,0,2,2
"bin_59_metaspades.faa_262_4",0,0,0,0,0,0,0,0,0
"bin_59_metaspades.faa_262_5",0,0,0,0,0,0,0,0,0
"bin_59_metaspades.faa_263_1",0,0,0,0,0,0,0,0,0
"bin_59_metaspades.faa_263_2",11,6,4,10,0,0,0,0,0
"bin_59_metaspades.faa_263_3",0,0,0,0,0,0,0,0,0
"bin_59_metaspades.faa_264_1",0,0,0,0,0,0,0,0,0
"bin_59_metaspades.faa_264_2",0,0,0,0,0,0,0,0,0
"bin_59_metaspades.faa_264_3",0,0,4,0,0,0,0,0,0
"bin_59_metaspades.faa_264_4",0,0,0,0,0,0,0,0,0
"bin_59_metaspades.faa_265_1",2,2,0,0,0,0,0,0,0
"bin_59_metaspades.faa_265_2",0,0,0,0,0,0,0,0,0
"bin_59_metaspades.faa_265_3",0,0,0,0,0,0,0,0,0
"bin_59_metaspades.faa_266_1",0,0,0,0,0,0,0,0,0
"bin_59_metaspades.faa_266_2",4,0,0,0,0,0,0,0,0
"bin_59_metaspades.faa_266_3",0,0,0,0,0,0,0,0,0
"bin_59_metaspades.faa_267_1",0,0,0,0,0,0,0,0,0
"bin_59_metaspades.faa_267_2",3,4,0,1,0,0,0,0,0
"bin_59_metaspades.faa_267_3",6,1,0,0,0,0,0,0,0
"bin_59_metaspades.faa_268_1",0,2,0,0,0,0,0,0,0
"bin_59_metaspades.faa_268_2",0,0,0,0,0,0,0,0,0
"bin_59_metaspades.faa_269_1",0,0,0,0,0,0,0,0,0
"bin_59_metaspades.faa_269_2",0,0,0,0,0,0,0,0,0
"bin_59_metaspades.faa_27_1",2,0,0,0,0,1,0,0,0
"bin_59_metaspades.faa_27_2",0,0,0,0,0,0,0,0,0
"bin_59_metaspades.faa_27_3",0,0,0,0,0,0,0,0,0
"bin_59_metaspades.faa_27_4",0,0,0,0,0,0,0,0,0
"bin_59_metaspades.faa_27_5",0,0,0,0,0,0,0,0,0
"bin_59_metaspades.faa_27_6",0,0,0,0,0,0,0,0,0
"bin_59_metaspades.faa_27_7",0,0,0,0,0,0,0,0,0
"bin_59_metaspades.faa_270_1",0,0,0,0,0,0,0,0,0
"bin_59_metaspades.faa_270_2",0,4,0,0,0,0,0,0,0
"bin_59_metaspades.faa_270_3",0,0,0,0,0,0,0,0,0
"bin_59_metaspades.faa_271_1",0,0,0,0,0,0,0,0,0
"bin_59_metaspades.faa_271_2",0,0,0,0,0,0,0,0,0
"bin_59_metaspades.faa_272_1",0,0,0,0,0,0,0,0,0
"bin_59_metaspades.faa_272_2",3,2,0,0,0,0,0,0,0
"bin_59_metaspades.faa_272_3",0,0,0,0,0,0,0,0,0
"bin_59_metaspades.faa_273_1",8,2,0,0,0,0,0,0,0
"bin_59_metaspades.faa_273_2",2,0,0,0,0,0,0,0,0
"bin_59_metaspades.faa_274_1",0,0,0,0,0,0,0,0,0
"bin_59_metaspades.faa_274_2",0,0,0,0,0,0,0,0,0
"bin_59_metaspades.faa_274_3",0,0,0,0,2,0,0,0,0
"bin_59_metaspades.faa_274_4",0,0,0,0,0,0,0,0,0
"bin_59_metaspades.faa_275_1",0,0,2,1,0,0,0,0,0
"bin_59_metaspades.faa_275_2",0,0,0,1,0,0,0,0,0
"bin_59_metaspades.faa_276_1",0,0,0,0,0,0,0,0,0
"bin_59_metaspades.faa_276_2",2,0,0,0,0,0,0,0,0
"bin_59_metaspades.faa_276_3",2,6,2,4,0,0,0,0,0
"bin_59_metaspades.faa_277_1",0,2,0,0,0,0,0,0,2
"bin_59_metaspades.faa_277_2",10,2,0,0,0,0,0,0,0
"bin_59_metaspades.faa_278_1",0,0,0,0,0,0,0,0,0
"bin_59_metaspades.faa_279_1",0,3,2,0,0,0,0,0,6
"bin_59_metaspades.faa_279_2",10,4,10,2,0,0,0,0,0
"bin_59_metaspades.faa_279_3",0,3,0,0,0,0,0,0,0
"bin_59_metaspades.faa_28_1",4,12,0,2,0,0,0,0,0
"bin_59_metaspades.faa_28_2",0,2,0,0,0,0,0,0,0
"bin_59_metaspades.faa_28_3",2,34,6,20,0,0,0,2,8
"bin_59_metaspades.faa_28_4",0,0,0,0,0,0,0,0,0
"bin_59_metaspades.faa_28_5",0,2,0,4,0,0,0,0,2
"bin_59_metaspades.faa_28_6",0,0,0,0,0,0,0,0,0
"bin_59_metaspades.faa_280_1",4,0,0,0,0,0,0,0,0
"bin_59_metaspades.faa_280_2",0,0,0,0,0,0,0,0,0
"bin_59_metaspades.faa_281_1",0,0,0,0,0,0,0,0,0
"bin_59_metaspades.faa_281_2",14,15,8,12,0,0,0,0,0
"bin_59_metaspades.faa_282_1",0,2,0,0,0,0,0,0,0
"bin_59_metaspades.faa_282_2",0,0,0,2,0,0,0,0,0
"bin_59_metaspades.faa_282_3",0,0,0,0,0,0,0,0,0
"bin_59_metaspades.faa_283_1",0,0,0,0,0,0,0,0,0
"bin_59_metaspades.faa_283_2",0,0,0,0,0,0,0,0,0
"bin_59_metaspades.faa_283_3",0,0,0,0,0,0,0,0,0
"bin_59_metaspades.faa_284_1",2,4,0,1,2,2,0,0,0
"bin_59_metaspades.faa_284_2",10,20,10,16,2,0,0,1,0
"bin_59_metaspades.faa_284_3",2,10,0,12,0,0,0,2,4
"bin_59_metaspades.faa_284_4",10,30,4,22,0,4,0,0,4
"bin_59_metaspades.faa_285_1",0,0,0,0,0,0,0,0,0
"bin_59_metaspades.faa_285_2",0,2,0,0,0,0,0,0,0
"bin_59_metaspades.faa_285_3",0,0,0,0,0,0,0,0,0
"bin_59_metaspades.faa_286_1",0,0,0,0,0,0,0,0,0
"bin_59_metaspades.faa_286_2",0,0,0,0,0,0,0,0,0
"bin_59_metaspades.faa_286_3",0,0,0,0,0,0,0,0,0
"bin_59_metaspades.faa_287_1",7,1,0,0,0,0,0,0,0
"bin_59_metaspades.faa_287_2",0,2,0,0,0,0,0,0,0
"bin_59_metaspades.faa_288_1",0,0,0,0,0,0,0,0,0
"bin_59_metaspades.faa_288_2",0,0,0,0,0,0,0,0,0
"bin_59_metaspades.faa_288_3",0,2,2,0,0,0,0,0,0
"bin_59_metaspades.faa_288_4",0,0,0,0,0,0,0,0,0
"bin_59_metaspades.faa_289_1",0,0,0,0,0,0,0,0,0
"bin_59_metaspades.faa_29_1",0,0,0,0,0,0,0,0,0
"bin_59_metaspades.faa_29_2",0,0,12,4,0,0,0,0,0
"bin_59_metaspades.faa_29_3",0,0,0,0,0,0,0,0,0
"bin_59_metaspades.faa_29_4",0,0,0,0,0,0,0,0,2
"bin_59_metaspades.faa_29_5",0,2,0,0,0,0,0,0,2
"bin_59_metaspades.faa_29_6",0,0,0,0,0,0,0,0,0
"bin_59_metaspades.faa_29_7",0,0,0,0,0,0,0,0,0
"bin_59_metaspades.faa_290_1",0,0,0,0,0,0,0,0,0
"bin_59_metaspades.faa_290_2",0,0,0,0,0,0,0,0,0
"bin_59_metaspades.faa_290_3",0,0,0,0,0,0,0,0,0
"bin_59_metaspades.faa_291_1",0,0,0,0,0,0,0,0,0
"bin_59_metaspades.faa_291_2",0,0,4,0,0,0,0,2,0
"bin_59_metaspades.faa_291_3",0,0,0,0,0,0,0,0,0
"bin_59_metaspades.faa_291_4",0,0,0,0,0,0,0,0,0
"bin_59_metaspades.faa_292_1",0,0,0,0,0,0,0,0,0
"bin_59_metaspades.faa_292_2",0,0,0,0,0,0,0,0,0
"bin_59_metaspades.faa_292_3",0,0,0,0,0,0,0,0,0
"bin_59_metaspades.faa_292_4",0,0,0,0,0,0,0,0,0
"bin_59_metaspades.faa_293_1",6,2,2,2,0,0,0,0,0
"bin_59_metaspades.faa_293_2",0,0,0,0,0,0,0,0,0
"bin_59_metaspades.faa_294_1",0,0,0,0,0,0,0,0,2
"bin_59_metaspades.faa_294_2",4,10,0,6,0,0,0,0,0
"bin_59_metaspades.faa_295_1",2,0,0,0,0,0,0,0,0
"bin_59_metaspades.faa_295_2",0,0,0,0,0,0,0,0,0
"bin_59_metaspades.faa_295_3",0,0,2,0,0,0,0,0,0
"bin_59_metaspades.faa_295_4",0,0,0,0,0,0,0,0,0
"bin_59_metaspades.faa_296_1",0,2,0,0,0,0,0,0,0
"bin_59_metaspades.faa_296_2",0,0,0,0,0,0,0,0,0
"bin_59_metaspades.faa_296_3",0,2,0,0,0,0,0,0,0
"bin_59_metaspades.faa_296_4",8,0,0,0,0,0,0,0,0
"bin_59_metaspades.faa_297_1",0,0,0,0,0,0,0,0,0
"bin_59_metaspades.faa_297_2",0,0,0,0,0,0,0,0,0
"bin_59_metaspades.faa_297_3",0,0,4,0,1,0,0,0,0
"bin_59_metaspades.faa_297_4",0,0,0,0,0,0,0,0,0
"bin_59_metaspades.faa_298_1",0,0,0,0,0,0,0,0,0
"bin_59_metaspades.faa_298_2",0,0,0,0,0,0,0,0,0
"bin_59_metaspades.faa_299_1",2,11,12,20,0,0,0,0,4
"bin_59_metaspades.faa_299_2",0,0,0,0,0,0,0,0,0
"bin_59_metaspades.faa_299_3",2,0,0,0,0,0,0,0,0
"bin_59_metaspades.faa_3_1",1,0,0,0,0,0,0,0,0
"bin_59_metaspades.faa_3_10",0,0,0,0,0,0,0,0,0
"bin_59_metaspades.faa_3_11",1,0,0,4,0,0,0,0,0
"bin_59_metaspades.faa_3_12",0,0,0,0,0,0,0,0,0
"bin_59_metaspades.faa_3_2",2,0,0,0,0,0,0,0,0
"bin_59_metaspades.faa_3_3",0,2,0,0,0,0,0,0,0
"bin_59_metaspades.faa_3_4",0,0,0,0,2,0,0,0,0
"bin_59_metaspades.faa_3_5",0,0,0,0,0,0,0,0,0
"bin_59_metaspades.faa_3_6",0,0,0,0,0,0,0,0,0
"bin_59_metaspades.faa_3_7",0,0,0,0,0,0,0,0,0
"bin_59_metaspades.faa_3_8",0,0,0,0,0,0,0,0,0
"bin_59_metaspades.faa_3_9",3,0,0,0,0,0,0,1,0
"bin_59_metaspades.faa_30_1",0,0,0,2,0,0,0,0,0
"bin_59_metaspades.faa_30_2",26,15,25,23,0,0,0,0,2
"bin_59_metaspades.faa_30_3",108,54,44,36,0,0,0,2,4
"bin_59_metaspades.faa_30_4",90,78,88,91,0,0,0,0,20
"bin_59_metaspades.faa_30_5",0,0,0,0,0,0,0,0,0
"bin_59_metaspades.faa_300_1",4,2,4,0,0,0,0,0,2
"bin_59_metaspades.faa_300_2",0,2,0,0,0,0,0,0,0
"bin_59_metaspades.faa_301_1",0,0,0,0,0,0,0,0,0
"bin_59_metaspades.faa_301_2",0,0,0,0,0,0,0,0,0
"bin_59_metaspades.faa_301_3",0,1,0,0,0,0,0,0,0
"bin_59_metaspades.faa_301_4",2,0,0,4,0,1,0,0,0
"bin_59_metaspades.faa_302_1",0,0,0,0,0,0,0,0,0
"bin_59_metaspades.faa_302_2",0,0,0,0,0,0,0,0,0
"bin_59_metaspades.faa_302_3",0,0,0,0,0,0,0,0,0
"bin_59_metaspades.faa_303_1",0,0,0,0,0,0,0,0,0
"bin_59_metaspades.faa_303_2",0,0,0,0,0,0,0,0,0
"bin_59_metaspades.faa_303_3",0,0,0,0,0,0,0,0,0
"bin_59_metaspades.faa_303_4",0,0,0,0,0,0,0,0,0
"bin_59_metaspades.faa_304_1",0,4,0,0,0,0,0,0,0
"bin_59_metaspades.faa_304_2",0,2,0,0,0,0,0,0,2
"bin_59_metaspades.faa_304_3",1,0,0,0,0,0,0,0,0
"bin_59_metaspades.faa_304_4",0,0,0,0,0,0,0,0,0
"bin_59_metaspades.faa_305_1",0,0,0,0,0,0,0,0,0
"bin_59_metaspades.faa_305_2",0,0,0,0,0,0,0,0,0
"bin_59_metaspades.faa_306_1",0,0,0,0,0,0,0,0,0
"bin_59_metaspades.faa_306_2",0,0,0,0,0,0,0,0,0
"bin_59_metaspades.faa_306_3",0,0,0,0,0,0,0,0,0
"bin_59_metaspades.faa_306_4",0,0,0,0,0,0,0,0,0
"bin_59_metaspades.faa_307_1",6,2,2,0,0,0,0,0,0
"bin_59_metaspades.faa_307_2",0,0,0,0,0,0,0,0,0
"bin_59_metaspades.faa_307_3",0,0,0,0,0,0,0,0,0
"bin_59_metaspades.faa_307_4",0,0,0,0,0,0,0,0,0
"bin_59_metaspades.faa_307_5",0,0,0,0,0,0,0,0,0
"bin_59_metaspades.faa_308_1",0,0,0,0,0,0,0,0,0
"bin_59_metaspades.faa_308_2",0,0,0,0,0,0,0,0,0
"bin_59_metaspades.faa_308_3",0,0,0,0,0,0,0,0,0
"bin_59_metaspades.faa_308_4",0,0,0,0,0,0,0,0,0
"bin_59_metaspades.faa_309_1",0,0,0,0,0,0,0,0,0
"bin_59_metaspades.faa_309_2",0,0,0,0,0,0,0,0,0
"bin_59_metaspades.faa_31_1",4,0,0,0,0,0,0,0,0
"bin_59_metaspades.faa_31_2",19,6,14,4,0,0,0,0,2
"bin_59_metaspades.faa_31_3",1,2,0,0,0,0,0,0,0
"bin_59_metaspades.faa_31_4",6,6,8,1,0,0,0,2,1
"bin_59_metaspades.faa_31_5",10,7,10,2,0,0,0,0,0
"bin_59_metaspades.faa_31_6",61,21,48,4,4,0,0,0,4
"bin_59_metaspades.faa_31_7",21,9,18,13,0,0,0,0,0
"bin_59_metaspades.faa_31_8",73,66,60,27,0,0,0,4,4
"bin_59_metaspades.faa_310_1",0,2,0,0,0,0,0,0,0
"bin_59_metaspades.faa_310_2",0,0,0,2,0,0,0,0,0
"bin_59_metaspades.faa_310_3",0,0,0,0,0,0,0,0,0
"bin_59_metaspades.faa_311_1",0,0,0,0,0,0,0,0,0
"bin_59_metaspades.faa_311_2",0,0,0,0,0,0,0,0,2
"bin_59_metaspades.faa_311_3",0,0,0,0,0,0,0,0,0
"bin_59_metaspades.faa_312_1",0,0,0,0,0,0,0,0,0
"bin_59_metaspades.faa_312_2",2,0,0,0,0,0,0,0,0
"bin_59_metaspades.faa_312_3",0,0,0,0,0,0,0,0,0
"bin_59_metaspades.faa_313_1",0,0,0,0,0,0,0,0,0
"bin_59_metaspades.faa_313_2",0,6,4,0,0,0,0,0,0
"bin_59_metaspades.faa_313_3",4,0,4,10,0,0,0,0,0
"bin_59_metaspades.faa_314_1",0,0,0,0,0,0,0,0,0
"bin_59_metaspades.faa_314_2",0,2,0,0,0,0,0,0,0
"bin_59_metaspades.faa_314_3",0,0,0,4,0,0,0,0,0
"bin_59_metaspades.faa_315_1",15,6,15,6,0,0,0,4,3
"bin_59_metaspades.faa_316_1",0,0,0,0,0,0,0,0,0
"bin_59_metaspades.faa_316_2",0,0,0,0,0,0,0,0,0
"bin_59_metaspades.faa_316_3",0,2,0,0,0,0,0,0,0
"bin_59_metaspades.faa_316_4",0,0,0,0,0,0,0,0,0
"bin_59_metaspades.faa_317_1",0,0,0,0,0,0,0,0,0
"bin_59_metaspades.faa_317_2",0,0,0,0,0,0,0,0,0
"bin_59_metaspades.faa_317_3",0,0,0,0,0,0,0,0,0
"bin_59_metaspades.faa_318_1",0,0,0,0,2,0,0,0,0
"bin_59_metaspades.faa_318_2",0,0,2,0,0,0,0,0,0
"bin_59_metaspades.faa_318_3",4,0,1,0,0,0,0,0,0
"bin_59_metaspades.faa_319_1",0,0,0,0,0,0,0,0,0
"bin_59_metaspades.faa_319_2",0,0,0,0,0,0,0,0,0
"bin_59_metaspades.faa_319_3",0,0,0,0,0,0,0,0,0
"bin_59_metaspades.faa_319_4",0,2,0,0,0,0,0,0,0
"bin_59_metaspades.faa_32_1",0,0,0,0,0,0,0,0,0
"bin_59_metaspades.faa_32_2",0,2,20,12,0,0,0,0,0
"bin_59_metaspades.faa_32_3",0,0,0,0,0,0,0,0,0
"bin_59_metaspades.faa_32_4",4,0,0,0,0,0,0,0,2
"bin_59_metaspades.faa_32_5",50,26,28,29,0,0,0,0,0
"bin_59_metaspades.faa_32_6",0,0,0,0,0,0,0,0,0
"bin_59_metaspades.faa_320_1",0,0,2,2,0,0,0,0,0
"bin_59_metaspades.faa_320_2",2,0,0,2,0,0,0,0,0
"bin_59_metaspades.faa_320_3",0,2,2,0,0,0,0,0,0
"bin_59_metaspades.faa_321_1",2,0,0,0,0,0,0,0,0
"bin_59_metaspades.faa_321_2",0,0,0,0,0,0,0,0,0
"bin_59_metaspades.faa_321_3",0,0,0,0,0,0,0,0,0
"bin_59_metaspades.faa_321_4",0,0,0,0,0,0,0,0,0
"bin_59_metaspades.faa_322_1",0,0,0,0,0,0,0,0,0
"bin_59_metaspades.faa_322_2",2,0,0,0,0,0,0,0,0
"bin_59_metaspades.faa_323_1",0,0,0,0,0,0,0,0,0
"bin_59_metaspades.faa_323_2",0,0,0,0,0,0,0,0,0
"bin_59_metaspades.faa_323_3",0,0,0,0,0,0,0,0,0
"bin_59_metaspades.faa_324_1",0,0,0,0,0,0,0,0,0
"bin_59_metaspades.faa_324_2",8,0,4,0,0,0,0,0,0
"bin_59_metaspades.faa_324_3",2,2,0,0,0,0,0,0,0
"bin_59_metaspades.faa_325_1",0,0,0,0,0,0,0,0,0
"bin_59_metaspades.faa_325_2",0,0,0,0,0,0,0,0,0
"bin_59_metaspades.faa_325_3",2,0,0,0,0,0,0,0,0
"bin_59_metaspades.faa_326_1",0,0,0,0,0,0,0,0,0
"bin_59_metaspades.faa_326_2",0,0,0,0,0,0,0,0,0
"bin_59_metaspades.faa_326_3",0,0,2,0,0,0,0,0,0
"bin_59_metaspades.faa_327_1",3,4,10,0,0,0,0,0,0
"bin_59_metaspades.faa_327_2",0,0,0,0,0,0,0,0,0
"bin_59_metaspades.faa_328_1",0,0,0,0,0,0,0,0,0
"bin_59_metaspades.faa_328_2",0,0,0,8,0,0,0,0,0
"bin_59_metaspades.faa_329_1",0,2,1,6,4,0,0,0,0
"bin_59_metaspades.faa_33_1",2,0,0,12,0,0,2,0,0
"bin_59_metaspades.faa_33_2",18,10,2,12,0,0,0,0,4
"bin_59_metaspades.faa_33_3",4,15,2,3,0,0,0,0,0
"bin_59_metaspades.faa_33_4",0,5,0,0,0,0,0,0,0
"bin_59_metaspades.faa_33_5",4,7,0,8,0,0,0,0,6
"bin_59_metaspades.faa_33_6",6,3,0,4,0,0,0,0,0
"bin_59_metaspades.faa_33_7",0,0,0,6,0,0,0,0,0
"bin_59_metaspades.faa_330_1",2,0,0,0,0,0,0,0,0
"bin_59_metaspades.faa_330_2",2,0,0,0,0,0,0,0,0
"bin_59_metaspades.faa_331_1",0,0,0,0,0,0,0,0,0
"bin_59_metaspades.faa_331_2",1,0,0,0,0,0,0,0,0
"bin_59_metaspades.faa_332_1",0,0,0,0,0,0,0,0,0
"bin_59_metaspades.faa_332_2",0,0,0,2,0,0,0,0,0
"bin_59_metaspades.faa_332_3",10,2,4,2,0,0,0,2,0
"bin_59_metaspades.faa_333_1",0,2,0,0,0,0,0,0,0
"bin_59_metaspades.faa_333_2",12,4,0,2,0,0,0,0,0
"bin_59_metaspades.faa_333_3",4,0,0,0,0,0,0,0,0
"bin_59_metaspades.faa_333_4",0,0,0,0,0,0,0,0,0
"bin_59_metaspades.faa_334_1",0,0,0,0,0,0,0,0,0
"bin_59_metaspades.faa_334_2",0,0,0,0,0,0,0,0,0
"bin_59_metaspades.faa_334_3",0,2,0,0,0,0,0,0,0
"bin_59_metaspades.faa_334_4",0,0,0,0,0,0,0,0,0
"bin_59_metaspades.faa_334_5",0,0,0,0,0,0,0,0,0
"bin_59_metaspades.faa_335_1",0,0,0,0,0,0,0,0,0
"bin_59_metaspades.faa_335_2",4,4,0,0,0,0,0,0,0
"bin_59_metaspades.faa_335_3",0,0,0,0,0,0,0,0,0
"bin_59_metaspades.faa_335_4",0,0,0,0,0,0,0,0,0
"bin_59_metaspades.faa_336_1",0,0,0,0,0,0,0,0,0
"bin_59_metaspades.faa_336_2",4,0,0,0,0,0,0,0,0
"bin_59_metaspades.faa_336_3",10,0,0,0,2,0,0,0,0
"bin_59_metaspades.faa_337_1",1,0,0,0,0,0,0,0,0
"bin_59_metaspades.faa_337_2",0,0,0,0,0,0,0,0,0
"bin_59_metaspades.faa_337_3",1,0,2,4,0,0,0,0,0
"bin_59_metaspades.faa_338_1",0,2,3,2,0,0,0,0,0
"bin_59_metaspades.faa_338_2",4,2,1,2,0,0,0,0,0
"bin_59_metaspades.faa_339_1",0,0,0,0,0,0,0,0,0
"bin_59_metaspades.faa_339_2",0,5,0,6,1,0,0,0,0
"bin_59_metaspades.faa_339_3",14,41,10,25,0,0,0,12,0
"bin_59_metaspades.faa_34_1",0,0,0,0,0,0,0,0,0
"bin_59_metaspades.faa_34_2",0,0,0,0,0,0,0,0,0
"bin_59_metaspades.faa_34_3",0,0,0,0,0,0,0,0,0
"bin_59_metaspades.faa_34_4",0,0,2,8,0,0,0,0,0
"bin_59_metaspades.faa_34_5",0,0,0,0,0,0,0,0,0
"bin_59_metaspades.faa_34_6",0,0,0,0,0,0,0,0,0
"bin_59_metaspades.faa_34_7",0,0,0,0,0,0,0,0,0
"bin_59_metaspades.faa_340_1",0,0,2,0,0,0,0,2,0
"bin_59_metaspades.faa_340_2",0,0,0,0,0,0,0,0,0
"bin_59_metaspades.faa_341_1",95,27,93,34,1,0,0,0,0
"bin_59_metaspades.faa_341_2",0,0,0,0,0,0,0,0,0
"bin_59_metaspades.faa_341_3",0,0,0,0,0,0,0,2,0
"bin_59_metaspades.faa_342_1",4,0,2,0,0,0,0,0,0
"bin_59_metaspades.faa_342_2",0,0,0,0,0,0,0,0,0
"bin_59_metaspades.faa_343_1",0,12,8,4,0,0,0,0,0
"bin_59_metaspades.faa_344_1",0,0,0,0,0,0,0,0,0
"bin_59_metaspades.faa_344_2",0,0,2,0,0,0,0,0,0
"bin_59_metaspades.faa_345_1",6,0,0,0,0,0,0,0,0
"bin_59_metaspades.faa_345_2",0,0,0,0,0,0,0,0,0
"bin_59_metaspades.faa_345_3",4,1,0,0,0,0,0,0,0
"bin_59_metaspades.faa_345_4",2,2,0,0,1,0,0,0,0
"bin_59_metaspades.faa_345_5",0,1,0,0,0,0,0,0,2
"bin_59_metaspades.faa_346_1",0,0,4,4,0,0,0,0,0
"bin_59_metaspades.faa_347_1",6,0,0,0,0,0,0,0,0
"bin_59_metaspades.faa_347_2",0,0,0,8,2,0,0,0,0
"bin_59_metaspades.faa_347_3",6,0,0,6,0,0,0,0,0
"bin_59_metaspades.faa_348_1",0,0,0,0,0,0,0,0,0
"bin_59_metaspades.faa_348_2",0,0,0,0,0,0,0,0,0
"bin_59_metaspades.faa_348_3",0,0,0,0,0,0,0,0,0
"bin_59_metaspades.faa_349_1",1,0,0,0,0,0,0,0,0
"bin_59_metaspades.faa_349_2",0,3,0,0,0,0,0,0,0
"bin_59_metaspades.faa_349_3",0,2,0,0,0,0,0,0,0
"bin_59_metaspades.faa_35_1",0,2,0,0,0,0,0,0,0
"bin_59_metaspades.faa_35_2",0,2,2,2,2,0,0,0,0
"bin_59_metaspades.faa_35_3",4,4,0,0,0,0,0,0,0
"bin_59_metaspades.faa_35_4",0,0,0,0,0,0,0,0,0
"bin_59_metaspades.faa_35_5",0,0,0,0,2,0,0,0,0
"bin_59_metaspades.faa_35_6",0,0,0,0,0,0,0,0,0
"bin_59_metaspades.faa_350_1",2,2,2,0,0,0,0,0,0
"bin_59_metaspades.faa_350_2",0,0,0,0,0,0,0,0,0
"bin_59_metaspades.faa_351_1",0,0,0,0,0,0,0,0,0
"bin_59_metaspades.faa_351_2",2,6,6,4,0,0,0,2,0
"bin_59_metaspades.faa_351_3",1,2,3,5,0,0,0,0,0
"bin_59_metaspades.faa_352_1",0,0,0,8,0,0,0,0,0
"bin_59_metaspades.faa_352_2",0,0,0,0,0,0,0,0,0
"bin_59_metaspades.faa_353_1",2,2,2,4,0,0,0,0,1
"bin_59_metaspades.faa_354_1",0,0,2,0,0,0,0,0,0
"bin_59_metaspades.faa_354_2",0,6,0,0,0,0,0,2,0
"bin_59_metaspades.faa_355_1",0,0,0,0,0,0,0,0,0
"bin_59_metaspades.faa_355_2",0,0,0,2,0,0,0,0,0
"bin_59_metaspades.faa_355_3",0,0,0,0,0,0,0,0,0
"bin_59_metaspades.faa_356_1",0,0,0,0,0,0,0,0,0
"bin_59_metaspades.faa_356_2",8,0,0,0,0,0,0,0,0
"bin_59_metaspades.faa_356_3",0,0,0,0,0,0,0,0,0
"bin_59_metaspades.faa_357_1",0,0,0,0,0,0,0,0,0
"bin_59_metaspades.faa_357_2",6,0,0,0,0,0,0,0,0
"bin_59_metaspades.faa_357_3",0,0,4,0,0,0,0,0,0
"bin_59_metaspades.faa_358_1",4,0,4,0,0,0,0,2,2
"bin_59_metaspades.faa_359_1",0,0,0,1,0,0,0,0,0
"bin_59_metaspades.faa_359_2",0,0,0,0,0,0,0,0,0
"bin_59_metaspades.faa_359_3",0,0,0,0,0,0,0,0,0
"bin_59_metaspades.faa_36_1",0,0,0,0,0,0,0,0,0
"bin_59_metaspades.faa_36_2",0,0,0,0,0,0,0,0,0
"bin_59_metaspades.faa_36_3",1,2,0,0,0,0,0,0,0
"bin_59_metaspades.faa_36_4",0,0,0,0,0,0,0,0,0
"bin_59_metaspades.faa_36_5",0,0,4,0,0,0,0,0,0
"bin_59_metaspades.faa_360_1",0,0,0,0,0,0,0,0,0
"bin_59_metaspades.faa_360_2",0,0,0,0,0,0,0,0,0
"bin_59_metaspades.faa_360_3",0,0,0,0,0,0,0,0,0
"bin_59_metaspades.faa_360_4",0,0,0,0,0,0,2,0,0
"bin_59_metaspades.faa_360_5",5,0,0,0,0,0,0,0,0
"bin_59_metaspades.faa_361_1",0,1,2,0,0,0,0,0,0
"bin_59_metaspades.faa_361_2",4,4,0,0,0,0,0,0,0
"bin_59_metaspades.faa_362_1",0,4,2,0,0,0,0,0,0
"bin_59_metaspades.faa_362_2",0,0,0,0,0,0,0,0,0
"bin_59_metaspades.faa_363_1",46,14,32,8,4,2,0,2,6
"bin_59_metaspades.faa_363_2",0,0,2,2,0,0,0,0,0
"bin_59_metaspades.faa_364_1",0,0,0,0,0,0,0,0,0
"bin_59_metaspades.faa_364_2",0,2,0,2,0,0,0,0,0
"bin_59_metaspades.faa_364_3",0,2,0,0,0,0,0,2,0
"bin_59_metaspades.faa_365_1",2,0,0,0,0,0,0,0,0
"bin_59_metaspades.faa_365_2",0,0,0,0,0,0,0,0,0
"bin_59_metaspades.faa_365_3",2,0,0,0,0,0,0,0,0
"bin_59_metaspades.faa_366_1",0,0,0,0,0,0,0,0,0
"bin_59_metaspades.faa_366_2",0,0,0,0,0,0,0,0,0
"bin_59_metaspades.faa_366_3",2,4,3,2,0,0,0,0,0
"bin_59_metaspades.faa_367_1",0,2,0,0,0,0,0,0,0
"bin_59_metaspades.faa_367_2",0,0,0,0,0,0,0,0,0
"bin_59_metaspades.faa_367_3",0,0,0,0,0,0,0,0,0
"bin_59_metaspades.faa_368_1",0,0,4,6,0,0,0,0,0
"bin_59_metaspades.faa_368_2",0,0,0,0,0,4,0,0,0
"bin_59_metaspades.faa_368_3",0,1,3,0,0,0,0,0,0
"bin_59_metaspades.faa_369_1",0,0,0,0,0,0,0,0,0
"bin_59_metaspades.faa_369_2",0,0,0,0,0,0,0,0,0
"bin_59_metaspades.faa_369_3",0,0,0,0,0,0,0,0,0
"bin_59_metaspades.faa_37_1",0,2,0,0,0,0,0,0,0
"bin_59_metaspades.faa_37_2",1,2,0,0,0,0,0,0,0
"bin_59_metaspades.faa_37_3",0,0,0,1,0,0,0,0,0
"bin_59_metaspades.faa_37_4",0,2,0,0,0,0,0,0,0
"bin_59_metaspades.faa_37_5",0,0,0,0,0,0,0,0,0
"bin_59_metaspades.faa_37_6",2,4,0,0,0,0,0,0,0
"bin_59_metaspades.faa_37_7",0,0,0,0,0,0,0,0,0
"bin_59_metaspades.faa_37_8",0,0,0,0,0,0,0,0,0
"bin_59_metaspades.faa_37_9",0,0,0,0,0,0,0,0,0
"bin_59_metaspades.faa_370_1",0,0,0,0,0,0,0,0,0
"bin_59_metaspades.faa_370_2",0,0,0,0,0,0,0,0,0
"bin_59_metaspades.faa_370_3",0,3,3,0,0,0,0,0,0
"bin_59_metaspades.faa_371_1",0,1,0,0,0,0,0,0,0
"bin_59_metaspades.faa_371_2",3,1,3,12,0,2,0,0,3
"bin_59_metaspades.faa_371_3",0,0,0,0,0,0,0,0,0
"bin_59_metaspades.faa_372_1",0,0,0,0,0,0,0,0,0
"bin_59_metaspades.faa_372_2",4,0,0,0,0,0,0,0,0
"bin_59_metaspades.faa_372_3",2,0,0,10,0,0,0,0,0
"bin_59_metaspades.faa_373_1",7,2,6,2,0,0,0,2,2
"bin_59_metaspades.faa_373_2",0,0,4,0,0,0,0,0,0
"bin_59_metaspades.faa_374_1",0,0,0,0,0,0,0,0,0
"bin_59_metaspades.faa_374_2",0,0,0,0,0,0,0,0,0
"bin_59_metaspades.faa_374_3",2,0,0,0,0,0,0,0,2
"bin_59_metaspades.faa_374_4",0,0,0,0,0,0,0,0,0
"bin_59_metaspades.faa_375_1",0,0,0,0,0,0,0,0,0
"bin_59_metaspades.faa_375_2",0,2,0,2,0,0,0,0,0
"bin_59_metaspades.faa_376_1",0,0,0,0,0,0,0,0,0
"bin_59_metaspades.faa_376_2",0,2,0,0,0,0,0,0,0
"bin_59_metaspades.faa_377_1",0,0,2,0,0,0,0,0,0
"bin_59_metaspades.faa_377_2",1,0,0,0,0,0,0,0,0
"bin_59_metaspades.faa_378_1",9,0,0,0,0,0,0,0,0
"bin_59_metaspades.faa_379_1",0,0,0,0,0,0,0,0,0
"bin_59_metaspades.faa_379_2",6,0,2,0,0,0,0,0,0
"bin_59_metaspades.faa_38_1",2,0,0,0,0,0,0,0,0
"bin_59_metaspades.faa_38_2",0,0,2,0,0,0,0,0,2
"bin_59_metaspades.faa_38_3",0,0,0,0,0,0,0,0,0
"bin_59_metaspades.faa_380_1",0,0,0,0,0,0,0,0,0
"bin_59_metaspades.faa_380_2",0,0,0,0,0,0,0,0,0
"bin_59_metaspades.faa_380_3",0,0,0,0,0,0,0,0,0
"bin_59_metaspades.faa_381_1",0,0,0,0,0,0,0,0,0
"bin_59_metaspades.faa_381_2",0,0,0,0,0,0,0,0,0
"bin_59_metaspades.faa_382_1",0,0,2,0,0,0,0,0,0
"bin_59_metaspades.faa_382_2",6,0,0,0,0,0,0,0,2
"bin_59_metaspades.faa_383_1",0,0,0,0,0,0,0,0,0
"bin_59_metaspades.faa_383_2",2,6,20,4,0,0,0,0,0
"bin_59_metaspades.faa_384_1",0,0,0,0,0,0,0,0,0
"bin_59_metaspades.faa_384_2",0,0,0,0,0,0,0,0,0
"bin_59_metaspades.faa_384_3",0,1,0,0,0,0,0,0,0
"bin_59_metaspades.faa_385_1",0,2,0,0,0,0,0,0,0
"bin_59_metaspades.faa_385_2",3,2,0,4,0,0,0,0,2
"bin_59_metaspades.faa_386_1",0,0,2,0,0,0,0,0,0
"bin_59_metaspades.faa_386_2",0,2,0,0,0,0,0,0,0
"bin_59_metaspades.faa_387_1",0,0,0,0,0,0,0,0,0
"bin_59_metaspades.faa_387_2",2,0,0,0,0,0,0,0,0
"bin_59_metaspades.faa_387_3",0,1,0,0,0,0,0,0,0
"bin_59_metaspades.faa_388_1",0,0,0,0,0,0,0,0,0
"bin_59_metaspades.faa_388_2",0,0,0,0,0,0,0,0,0
"bin_59_metaspades.faa_388_3",0,0,0,0,0,0,0,0,0
"bin_59_metaspades.faa_389_1",0,0,0,0,0,0,0,0,0
"bin_59_metaspades.faa_389_2",0,0,0,0,0,0,0,0,0
"bin_59_metaspades.faa_389_3",0,0,0,0,0,0,0,0,0
"bin_59_metaspades.faa_39_1",0,0,0,0,0,0,0,0,0
"bin_59_metaspades.faa_39_2",2,0,1,3,0,0,0,0,0
"bin_59_metaspades.faa_39_3",2,0,0,0,0,0,0,0,0
"bin_59_metaspades.faa_39_4",31,7,27,6,0,0,0,0,0
"bin_59_metaspades.faa_39_5",12,8,4,0,0,0,0,0,0
"bin_59_metaspades.faa_390_1",3,15,3,4,0,0,0,0,0
"bin_59_metaspades.faa_390_2",16,23,20,36,4,2,0,0,0
"bin_59_metaspades.faa_391_1",0,0,0,0,0,0,0,0,0
"bin_59_metaspades.faa_391_2",0,2,0,0,0,0,0,0,0
"bin_59_metaspades.faa_392_1",0,0,0,0,0,0,0,0,0
"bin_59_metaspades.faa_392_2",0,0,0,0,0,0,0,0,0
"bin_59_metaspades.faa_393_1",0,0,0,0,0,0,0,0,0
"bin_59_metaspades.faa_394_1",0,0,0,0,0,0,0,0,0
"bin_59_metaspades.faa_394_2",0,0,0,0,0,0,0,0,0
"bin_59_metaspades.faa_395_1",4,0,0,0,0,2,0,0,0
"bin_59_metaspades.faa_395_2",2,0,1,0,0,0,2,2,0
"bin_59_metaspades.faa_396_1",0,0,0,2,0,0,0,0,0
"bin_59_metaspades.faa_396_2",2,2,0,0,0,0,0,0,0
"bin_59_metaspades.faa_396_3",0,0,0,0,0,0,0,0,0
"bin_59_metaspades.faa_397_1",2,12,4,6,0,0,0,0,0
"bin_59_metaspades.faa_397_2",1,7,5,0,2,0,0,0,0
"bin_59_metaspades.faa_398_1",0,0,0,0,0,0,0,0,0
"bin_59_metaspades.faa_398_2",0,0,0,0,0,0,0,0,0
"bin_59_metaspades.faa_398_3",5,2,0,0,0,0,0,0,0
"bin_59_metaspades.faa_399_1",0,0,0,0,0,0,0,0,0
"bin_59_metaspades.faa_399_2",0,4,0,0,0,0,0,0,0
"bin_59_metaspades.faa_4_1",0,0,0,0,0,0,0,0,0
"bin_59_metaspades.faa_4_2",0,0,0,0,0,0,0,0,0
"bin_59_metaspades.faa_4_3",0,0,0,0,0,0,0,0,0
"bin_59_metaspades.faa_4_4",2,2,1,0,0,0,0,0,0
"bin_59_metaspades.faa_4_5",0,1,0,0,0,0,0,0,0
"bin_59_metaspades.faa_4_6",2,2,0,2,0,0,0,0,0
"bin_59_metaspades.faa_4_7",41,38,28,24,0,0,0,0,0
"bin_59_metaspades.faa_4_8",38,44,18,46,0,0,0,0,0
"bin_59_metaspades.faa_4_9",0,0,0,0,0,0,0,0,0
"bin_59_metaspades.faa_40_1",0,6,0,6,0,0,0,0,0
"bin_59_metaspades.faa_40_2",0,0,0,0,0,0,0,0,0
"bin_59_metaspades.faa_40_3",0,0,0,0,0,0,0,0,0
"bin_59_metaspades.faa_40_4",1,0,0,0,0,0,0,0,0
"bin_59_metaspades.faa_40_5",0,0,0,0,0,0,0,0,0
"bin_59_metaspades.faa_40_6",0,0,0,0,0,0,0,0,0
"bin_59_metaspades.faa_400_1",4,0,0,0,0,0,0,0,0
"bin_59_metaspades.faa_400_2",2,0,0,0,0,0,0,0,0
"bin_59_metaspades.faa_400_3",2,0,0,0,0,0,0,0,0
"bin_59_metaspades.faa_401_1",0,0,0,0,0,0,0,0,0
"bin_59_metaspades.faa_401_2",0,4,2,6,0,0,0,0,0
"bin_59_metaspades.faa_402_1",0,0,0,0,0,0,0,0,0
"bin_59_metaspades.faa_402_2",0,0,0,0,0,0,0,0,0
"bin_59_metaspades.faa_402_3",0,0,0,0,0,0,0,0,0
"bin_59_metaspades.faa_403_1",0,0,0,0,0,0,0,0,0
"bin_59_metaspades.faa_404_1",0,0,0,0,0,0,0,0,0
"bin_59_metaspades.faa_404_2",0,0,6,0,0,0,0,2,0
"bin_59_metaspades.faa_405_1",1,2,0,0,0,0,0,0,0
"bin_59_metaspades.faa_405_2",2,0,0,0,0,0,0,0,0
"bin_59_metaspades.faa_406_1",0,0,0,0,0,0,0,0,0
"bin_59_metaspades.faa_406_2",0,0,0,0,0,0,0,0,0
"bin_59_metaspades.faa_407_1",0,0,1,0,0,0,0,0,0
"bin_59_metaspades.faa_407_2",2,2,2,6,0,0,0,0,0
"bin_59_metaspades.faa_408_1",0,0,0,0,0,0,0,0,0
"bin_59_metaspades.faa_409_1",0,0,0,6,0,0,0,0,0
"bin_59_metaspades.faa_41_1",0,0,0,0,0,0,0,0,0
"bin_59_metaspades.faa_41_2",0,0,0,0,0,0,0,0,0
"bin_59_metaspades.faa_41_3",0,0,0,0,0,0,0,0,0
"bin_59_metaspades.faa_41_4",0,0,0,0,0,0,0,0,0
"bin_59_metaspades.faa_41_5",0,0,0,0,0,0,0,0,0
"bin_59_metaspades.faa_41_6",10,2,4,2,0,0,0,0,2
"bin_59_metaspades.faa_41_7",0,0,0,0,0,0,0,0,0
"bin_59_metaspades.faa_410_1",12,13,6,12,0,0,2,3,0
"bin_59_metaspades.faa_410_2",6,13,17,14,1,3,0,0,0
"bin_59_metaspades.faa_410_3",0,4,0,0,0,0,0,0,0
"bin_59_metaspades.faa_411_1",0,10,16,0,0,8,0,0,0
"bin_59_metaspades.faa_411_2",3,5,11,1,1,18,0,0,4
"bin_59_metaspades.faa_412_1",4,2,4,4,0,0,0,2,0
"bin_59_metaspades.faa_412_2",3,0,8,0,0,0,0,0,0
"bin_59_metaspades.faa_412_3",0,0,0,0,0,0,0,0,0
"bin_59_metaspades.faa_413_1",2,0,0,0,0,0,0,0,0
"bin_59_metaspades.faa_413_2",0,0,0,18,0,0,0,0,0
"bin_59_metaspades.faa_413_3",0,1,0,0,0,0,0,0,0
"bin_59_metaspades.faa_413_4",5,0,0,0,0,0,0,0,0
"bin_59_metaspades.faa_414_1",0,0,0,0,0,0,0,0,0
"bin_59_metaspades.faa_414_2",0,0,8,0,0,4,0,0,10
"bin_59_metaspades.faa_414_3",0,0,6,0,0,0,0,0,2
"bin_59_metaspades.faa_415_1",14,2,57,0,2,8,0,0,1
"bin_59_metaspades.faa_415_2",4,0,4,0,0,0,0,1,0
"bin_59_metaspades.faa_416_1",0,0,0,0,0,0,0,0,0
"bin_59_metaspades.faa_416_2",0,0,0,0,0,0,0,0,0
"bin_59_metaspades.faa_416_3",0,1,0,0,0,0,0,0,0
"bin_59_metaspades.faa_417_1",0,2,6,10,0,0,0,0,0
"bin_59_metaspades.faa_417_2",0,0,0,0,0,0,0,0,0
"bin_59_metaspades.faa_418_1",92,96,86,64,8,26,6,3,24
"bin_59_metaspades.faa_418_2",0,0,0,0,0,0,0,0,0
"bin_59_metaspades.faa_418_3",0,0,0,0,0,0,0,0,0
"bin_59_metaspades.faa_419_1",343,2,36,17,1,46,6,12,9
"bin_59_metaspades.faa_419_2",2422,81,221,64,28,255,57,74,74
"bin_59_metaspades.faa_419_3",6,0,0,0,0,1,0,0,1
"bin_59_metaspades.faa_42_1",1,0,0,0,0,0,0,0,0
"bin_59_metaspades.faa_42_2",0,0,0,0,0,0,0,0,0
"bin_59_metaspades.faa_42_3",0,0,0,0,0,0,0,0,0
"bin_59_metaspades.faa_420_1",7,8,6,0,2,0,0,0,0
"bin_59_metaspades.faa_420_2",19,0,8,0,0,0,0,0,0
"bin_59_metaspades.faa_420_3",11,12,0,0,0,0,0,2,0
"bin_59_metaspades.faa_420_4",4,2,0,0,0,0,0,0,0
"bin_59_metaspades.faa_421_1",0,4,3,0,0,0,0,0,0
"bin_59_metaspades.faa_421_2",2,0,10,8,0,0,0,0,0
"bin_59_metaspades.faa_421_3",0,0,2,0,1,0,0,0,2
"bin_59_metaspades.faa_421_4",0,0,0,0,0,0,0,0,0
"bin_59_metaspades.faa_422_1",2,0,1,0,0,0,0,0,0
"bin_59_metaspades.faa_422_2",0,0,0,0,0,0,0,0,0
"bin_59_metaspades.faa_422_3",2,0,0,2,0,0,0,0,0
"bin_59_metaspades.faa_423_1",0,0,2,0,0,0,0,0,0
"bin_59_metaspades.faa_423_2",0,2,0,0,0,0,0,0,0
"bin_59_metaspades.faa_423_3",0,0,0,0,0,0,0,0,0
"bin_59_metaspades.faa_423_4",0,0,0,0,0,0,0,0,0
"bin_59_metaspades.faa_424_1",6,4,6,0,0,0,0,0,0
"bin_59_metaspades.faa_425_1",1,13,9,5,0,14,5,0,0
"bin_59_metaspades.faa_425_2",1,17,13,0,2,37,0,0,1
"bin_59_metaspades.faa_426_1",2,0,6,0,0,0,0,0,0
"bin_59_metaspades.faa_426_2",0,0,0,0,0,1,0,0,0
"bin_59_metaspades.faa_426_3",0,2,12,2,0,2,0,2,0
"bin_59_metaspades.faa_426_4",1,0,0,0,0,1,0,0,0
"bin_59_metaspades.faa_427_1",5,7,27,6,0,7,0,0,0
"bin_59_metaspades.faa_428_1",4,7,7,1,0,0,0,0,0
"bin_59_metaspades.faa_428_2",6,3,0,0,0,0,4,0,0
"bin_59_metaspades.faa_429_1",28,13,6,28,3,0,0,2,2
"bin_59_metaspades.faa_429_2",1,6,2,5,2,0,0,0,0
"bin_59_metaspades.faa_429_3",162,55,145,58,2,2,0,16,4
"bin_59_metaspades.faa_429_4",8,1,5,0,0,0,0,0,0
"bin_59_metaspades.faa_43_1",0,0,4,12,0,0,0,4,0
"bin_59_metaspades.faa_43_2",0,0,0,0,0,0,0,0,0
"bin_59_metaspades.faa_43_3",0,0,2,0,0,0,0,0,0
"bin_59_metaspades.faa_43_4",0,4,0,0,0,0,0,0,0
"bin_59_metaspades.faa_43_5",2,0,4,0,0,0,0,0,0
"bin_59_metaspades.faa_43_6",0,2,0,0,0,0,0,0,0
"bin_59_metaspades.faa_43_7",0,0,0,0,0,0,0,2,0
"bin_59_metaspades.faa_43_8",0,0,0,0,0,0,0,0,0
"bin_59_metaspades.faa_430_1",0,4,6,2,0,0,0,0,2
"bin_59_metaspades.faa_430_2",16,11,5,7,4,4,0,0,0
"bin_59_metaspades.faa_431_1",1131,811,1257,777,120,248,14,33,224
"bin_59_metaspades.faa_432_1",9,4,0,4,0,2,0,0,0
"bin_59_metaspades.faa_432_2",11,1,0,0,10,0,0,6,0
"bin_59_metaspades.faa_432_3",12,8,2,0,2,5,0,2,2
"bin_59_metaspades.faa_433_1",0,0,0,0,0,0,0,0,0
"bin_59_metaspades.faa_433_2",2,4,14,0,0,0,0,0,0
"bin_59_metaspades.faa_434_1",0,0,0,0,0,0,0,0,0
"bin_59_metaspades.faa_434_2",0,0,0,4,0,2,0,2,0
"bin_59_metaspades.faa_434_3",0,0,0,0,0,0,0,0,0
"bin_59_metaspades.faa_434_4",0,2,0,2,0,0,0,0,0
"bin_59_metaspades.faa_434_5",0,0,0,0,0,0,0,0,0
"bin_59_metaspades.faa_434_6",2,4,0,6,0,0,0,0,0
"bin_59_metaspades.faa_435_1",0,0,0,0,0,0,0,0,0
"bin_59_metaspades.faa_435_2",4,2,2,0,0,0,0,0,0
"bin_59_metaspades.faa_436_1",7,2,10,2,0,2,1,0,0
"bin_59_metaspades.faa_436_2",491,589,658,487,77,142,16,18,44
"bin_59_metaspades.faa_437_1",58,30,29,28,2,2,0,4,2
"bin_59_metaspades.faa_437_10",3,2,3,0,0,0,0,0,0
"bin_59_metaspades.faa_437_11",0,0,0,0,0,0,0,0,0
"bin_59_metaspades.faa_437_12",10,8,1,11,0,0,0,0,4
"bin_59_metaspades.faa_437_13",139,46,50,42,1,0,0,3,2
"bin_59_metaspades.faa_437_14",1,0,0,0,0,0,0,0,0
"bin_59_metaspades.faa_437_15",2,0,0,2,0,0,0,0,0
"bin_59_metaspades.faa_437_16",26,6,18,8,2,0,0,0,2
"bin_59_metaspades.faa_437_17",3,5,4,6,0,0,0,2,0
"bin_59_metaspades.faa_437_18",14,17,12,21,0,0,0,2,5
"bin_59_metaspades.faa_437_19",4,8,8,0,0,0,0,0,0
"bin_59_metaspades.faa_437_2",0,0,0,0,0,0,0,0,0
"bin_59_metaspades.faa_437_20",6,3,7,0,0,0,0,0,0
"bin_59_metaspades.faa_437_21",60,56,64,51,0,2,0,10,16
"bin_59_metaspades.faa_437_22",40,61,52,31,0,0,0,3,2
"bin_59_metaspades.faa_437_23",27,18,5,16,0,2,0,2,0
"bin_59_metaspades.faa_437_24",12,4,8,14,0,0,0,0,0
"bin_59_metaspades.faa_437_25",19,10,11,20,0,0,0,0,0
"bin_59_metaspades.faa_437_26",65,96,52,70,2,0,0,0,6
"bin_59_metaspades.faa_437_27",188,89,215,104,2,0,0,13,32
"bin_59_metaspades.faa_437_28",6,6,2,2,0,0,0,0,0
"bin_59_metaspades.faa_437_29",3,0,0,1,0,0,0,0,0
"bin_59_metaspades.faa_437_3",53,66,92,51,0,0,0,6,10
"bin_59_metaspades.faa_437_30",4,2,2,4,0,0,0,0,0
"bin_59_metaspades.faa_437_31",0,0,0,0,0,0,0,0,0
"bin_59_metaspades.faa_437_32",4,1,8,6,0,0,0,0,4
"bin_59_metaspades.faa_437_33",6,0,0,0,0,0,0,0,0
"bin_59_metaspades.faa_437_34",4,4,4,8,0,0,0,0,0
"bin_59_metaspades.faa_437_35",0,0,7,10,0,0,0,1,0
"bin_59_metaspades.faa_437_36",6,2,0,10,0,0,0,0,0
"bin_59_metaspades.faa_437_37",12,6,6,0,0,0,0,0,0
"bin_59_metaspades.faa_437_38",2,4,0,0,0,0,0,0,2
"bin_59_metaspades.faa_437_39",2,1,0,0,0,0,0,0,0
"bin_59_metaspades.faa_437_4",2,4,0,2,2,0,0,0,0
"bin_59_metaspades.faa_437_40",0,6,4,1,0,0,0,3,0
"bin_59_metaspades.faa_437_41",21,6,19,11,0,0,0,2,0
"bin_59_metaspades.faa_437_42",21,26,14,17,0,2,0,6,8
"bin_59_metaspades.faa_437_43",24,10,16,13,0,0,0,2,0
"bin_59_metaspades.faa_437_44",0,0,0,0,0,0,0,0,0
"bin_59_metaspades.faa_437_45",13,12,6,2,0,0,0,0,8
"bin_59_metaspades.faa_437_46",4,5,6,1,0,0,0,0,5
"bin_59_metaspades.faa_437_47",0,2,0,0,0,0,0,0,0
"bin_59_metaspades.faa_437_48",0,0,0,0,0,0,0,0,0
"bin_59_metaspades.faa_437_49",1,0,0,0,0,0,0,0,0
"bin_59_metaspades.faa_437_5",0,0,0,0,0,0,0,0,1
"bin_59_metaspades.faa_437_50",4,8,0,0,0,0,0,0,0
"bin_59_metaspades.faa_437_51",22,2,9,2,0,0,0,2,0
"bin_59_metaspades.faa_437_52",6,0,3,0,0,0,0,0,0
"bin_59_metaspades.faa_437_53",0,0,0,0,0,0,0,0,0
"bin_59_metaspades.faa_437_54",0,0,0,0,0,0,0,2,0
"bin_59_metaspades.faa_437_55",0,0,0,0,0,0,0,0,0
"bin_59_metaspades.faa_437_56",0,0,0,0,0,0,0,0,0
"bin_59_metaspades.faa_437_57",5,5,0,4,0,0,0,0,2
"bin_59_metaspades.faa_437_58",5,1,4,0,0,0,0,0,0
"bin_59_metaspades.faa_437_59",0,0,2,0,0,0,0,0,0
"bin_59_metaspades.faa_437_6",0,4,6,0,0,0,0,0,0
"bin_59_metaspades.faa_437_60",13,2,0,0,0,0,0,0,0
"bin_59_metaspades.faa_437_61",47,33,56,26,2,2,0,2,1
"bin_59_metaspades.faa_437_62",157,70,127,70,10,16,0,4,4
"bin_59_metaspades.faa_437_63",0,0,0,2,0,0,0,0,0
"bin_59_metaspades.faa_437_64",38,106,30,56,22,193,21,21,36
"bin_59_metaspades.faa_437_65",0,0,0,0,0,0,0,0,0
"bin_59_metaspades.faa_437_66",39,69,14,43,51,82,41,43,4
"bin_59_metaspades.faa_437_67",46,57,13,39,17,66,13,15,13
"bin_59_metaspades.faa_437_68",66,135,36,97,42,167,11,27,8
"bin_59_metaspades.faa_437_69",97,160,53,127,45,382,44,65,67
"bin_59_metaspades.faa_437_7",0,0,0,0,0,0,0,0,0
"bin_59_metaspades.faa_437_8",8,2,4,1,0,0,0,0,0
"bin_59_metaspades.faa_437_9",2,6,10,2,0,0,0,6,1
"bin_59_metaspades.faa_438_1",0,0,0,0,0,0,0,0,0
"bin_59_metaspades.faa_438_2",0,0,0,0,0,0,0,0,0
"bin_59_metaspades.faa_439_1",0,0,0,0,0,0,0,0,0
"bin_59_metaspades.faa_439_2",0,0,2,0,0,0,0,0,0
"bin_59_metaspades.faa_439_3",0,0,0,0,0,0,0,0,0
"bin_59_metaspades.faa_439_4",0,0,0,0,0,0,0,0,0
"bin_59_metaspades.faa_439_5",0,0,0,0,0,0,0,0,0
"bin_59_metaspades.faa_44_1",0,0,0,0,0,0,0,0,0
"bin_59_metaspades.faa_44_2",0,0,0,0,0,0,0,0,0
"bin_59_metaspades.faa_44_3",10,10,5,0,0,0,0,0,0
"bin_59_metaspades.faa_44_4",71,33,63,42,0,0,0,2,14
"bin_59_metaspades.faa_44_5",80,33,43,24,0,0,0,0,0
"bin_59_metaspades.faa_44_6",0,0,0,0,0,0,0,0,0
"bin_59_metaspades.faa_44_7",2,0,0,0,0,0,0,0,0
"bin_59_metaspades.faa_440_1",21,2,4,0,0,0,0,2,0
"bin_59_metaspades.faa_441_1",0,0,2,0,0,0,0,0,4
"bin_59_metaspades.faa_442_1",0,1,0,2,0,0,0,0,0
"bin_59_metaspades.faa_442_2",0,2,0,0,0,0,0,0,0
"bin_59_metaspades.faa_442_3",0,0,0,0,0,0,0,0,0
"bin_59_metaspades.faa_45_1",0,5,0,0,0,0,0,0,0
"bin_59_metaspades.faa_45_2",2,2,0,2,0,0,0,0,0
"bin_59_metaspades.faa_45_3",0,6,2,0,0,0,0,0,0
"bin_59_metaspades.faa_45_4",0,0,0,0,0,0,0,0,0
"bin_59_metaspades.faa_45_5",0,0,0,0,0,0,0,0,0
"bin_59_metaspades.faa_46_1",2,2,7,4,0,0,0,0,0
"bin_59_metaspades.faa_46_2",0,0,0,0,0,0,0,0,0
"bin_59_metaspades.faa_46_3",0,0,0,0,0,0,0,0,0
"bin_59_metaspades.faa_46_4",2,0,0,0,0,0,0,0,0
"bin_59_metaspades.faa_46_5",0,0,0,0,0,0,0,0,0
"bin_59_metaspades.faa_47_1",1,0,0,0,0,0,0,0,0
"bin_59_metaspades.faa_47_2",0,2,0,0,0,0,0,0,0
"bin_59_metaspades.faa_47_3",0,0,0,0,0,0,0,2,0
"bin_59_metaspades.faa_47_4",2,2,0,10,0,0,0,0,0
"bin_59_metaspades.faa_47_5",0,2,0,0,0,0,0,0,0
"bin_59_metaspades.faa_47_6",1,0,0,0,0,0,0,0,0
"bin_59_metaspades.faa_48_1",0,0,0,0,0,0,0,0,0
"bin_59_metaspades.faa_48_2",0,0,0,0,0,0,0,0,0
"bin_59_metaspades.faa_48_3",0,0,1,0,0,0,0,0,0
"bin_59_metaspades.faa_48_4",0,0,0,0,2,0,0,0,0
"bin_59_metaspades.faa_48_5",1,0,0,0,0,0,0,0,0
"bin_59_metaspades.faa_48_6",0,4,0,0,0,0,0,0,0
"bin_59_metaspades.faa_49_1",0,0,0,0,0,0,0,0,0
"bin_59_metaspades.faa_49_2",0,0,0,0,0,0,0,0,0
"bin_59_metaspades.faa_49_3",0,0,0,0,0,0,0,0,0
"bin_59_metaspades.faa_49_4",0,0,0,0,0,0,0,0,0
"bin_59_metaspades.faa_49_5",0,0,0,4,0,0,0,0,0
"bin_59_metaspades.faa_49_6",0,0,0,0,0,0,0,0,0
"bin_59_metaspades.faa_49_7",0,0,0,0,0,0,0,0,0
"bin_59_metaspades.faa_49_8",0,0,0,0,0,0,0,0,0
"bin_59_metaspades.faa_5_1",0,0,0,0,0,0,0,0,0
"bin_59_metaspades.faa_5_2",0,0,2,2,0,0,0,0,0
"bin_59_metaspades.faa_5_3",0,0,6,0,0,0,0,0,0
"bin_59_metaspades.faa_5_4",0,0,0,2,0,0,0,0,0
"bin_59_metaspades.faa_5_5",0,0,0,0,0,0,0,0,0
"bin_59_metaspades.faa_5_6",0,0,2,0,0,0,0,0,0
"bin_59_metaspades.faa_5_7",0,0,0,0,0,0,0,0,0
"bin_59_metaspades.faa_5_8",4,0,0,0,0,0,0,0,0
"bin_59_metaspades.faa_50_1",6,2,0,0,0,0,0,0,0
"bin_59_metaspades.faa_50_2",0,2,0,0,0,0,0,0,0
"bin_59_metaspades.faa_50_3",0,0,0,0,0,0,0,0,0
"bin_59_metaspades.faa_50_4",8,2,4,0,0,0,0,0,4
"bin_59_metaspades.faa_50_5",0,0,0,0,0,0,0,0,0
"bin_59_metaspades.faa_50_6",0,0,0,0,0,0,0,0,0
"bin_59_metaspades.faa_51_1",0,0,0,0,0,0,0,0,0
"bin_59_metaspades.faa_51_2",0,0,0,0,0,0,0,0,0
"bin_59_metaspades.faa_51_3",4,0,0,2,0,0,0,0,0
"bin_59_metaspades.faa_51_4",0,5,8,2,0,0,0,0,0
"bin_59_metaspades.faa_51_5",0,1,2,0,0,0,0,0,0
"bin_59_metaspades.faa_51_6",0,0,0,0,0,0,0,0,0
"bin_59_metaspades.faa_51_7",0,2,2,0,0,0,0,0,0
"bin_59_metaspades.faa_51_8",0,0,0,0,0,0,0,0,0
"bin_59_metaspades.faa_52_1",0,0,0,0,0,0,0,0,0
"bin_59_metaspades.faa_52_2",2,2,0,0,0,1,0,0,0
"bin_59_metaspades.faa_52_3",14,5,2,2,0,0,0,0,0
"bin_59_metaspades.faa_52_4",0,0,0,0,0,0,0,0,0
"bin_59_metaspades.faa_52_5",0,1,0,0,0,0,0,0,0
"bin_59_metaspades.faa_53_1",0,0,0,0,0,0,0,0,0
"bin_59_metaspades.faa_53_2",8,0,2,0,0,0,0,0,0
"bin_59_metaspades.faa_53_3",0,2,0,0,0,0,0,0,0
"bin_59_metaspades.faa_53_4",6,9,0,0,0,0,0,0,0
"bin_59_metaspades.faa_53_5",0,0,0,0,0,0,0,0,0
"bin_59_metaspades.faa_54_1",0,2,0,0,0,0,0,0,0
"bin_59_metaspades.faa_54_2",0,0,0,0,0,0,0,0,0
"bin_59_metaspades.faa_54_3",1,4,2,0,0,0,0,0,0
"bin_59_metaspades.faa_54_4",0,0,0,0,0,0,0,0,0
"bin_59_metaspades.faa_54_5",0,0,0,0,0,0,0,0,0
"bin_59_metaspades.faa_54_6",2,4,0,1,0,0,0,0,0
"bin_59_metaspades.faa_54_7",0,0,0,0,0,0,0,0,0
"bin_59_metaspades.faa_54_8",0,0,0,0,0,0,0,0,0
"bin_59_metaspades.faa_54_9",0,0,0,0,0,0,0,0,0
"bin_59_metaspades.faa_55_1",2,8,2,2,0,0,0,0,14
"bin_59_metaspades.faa_55_2",4,0,2,6,0,0,0,0,0
"bin_59_metaspades.faa_55_3",8,6,8,20,0,0,0,0,0
"bin_59_metaspades.faa_55_4",4,2,0,4,0,0,0,0,0
"bin_59_metaspades.faa_55_5",2,2,0,6,0,0,0,0,0
"bin_59_metaspades.faa_56_1",0,1,0,0,0,0,0,0,0
"bin_59_metaspades.faa_56_2",0,2,0,0,0,0,0,0,0
"bin_59_metaspades.faa_56_3",0,0,0,0,0,0,0,0,0
"bin_59_metaspades.faa_56_4",0,0,0,0,0,0,0,0,0
"bin_59_metaspades.faa_56_5",0,2,0,0,0,0,0,0,0
"bin_59_metaspades.faa_56_6",8,5,2,12,0,0,0,0,0
"bin_59_metaspades.faa_56_7",0,0,0,0,0,0,0,0,0
"bin_59_metaspades.faa_56_8",4,0,4,0,0,0,0,0,0
"bin_59_metaspades.faa_56_9",0,0,0,0,0,0,0,0,0
"bin_59_metaspades.faa_57_1",2,0,0,0,0,0,0,0,0
"bin_59_metaspades.faa_57_2",2,0,1,0,0,0,0,0,0
"bin_59_metaspades.faa_57_3",0,0,0,0,0,0,0,0,0
"bin_59_metaspades.faa_57_4",2,0,2,0,0,0,0,0,0
"bin_59_metaspades.faa_57_5",13,8,2,0,0,0,0,0,0
"bin_59_metaspades.faa_57_6",0,2,0,0,0,0,0,0,0
"bin_59_metaspades.faa_58_1",0,0,0,0,0,0,0,0,0
"bin_59_metaspades.faa_58_2",0,0,0,0,0,0,0,0,6
"bin_59_metaspades.faa_58_3",8,2,5,0,0,0,0,0,0
"bin_59_metaspades.faa_58_4",13,4,6,2,0,0,0,0,4
"bin_59_metaspades.faa_58_5",2,0,0,0,0,0,0,0,0
"bin_59_metaspades.faa_58_6",0,0,0,0,0,0,0,0,0
"bin_59_metaspades.faa_59_1",0,0,0,0,0,0,0,0,0
"bin_59_metaspades.faa_59_2",0,0,0,0,0,0,0,0,0
"bin_59_metaspades.faa_59_3",0,2,0,0,0,0,0,0,0
"bin_59_metaspades.faa_59_4",0,0,0,0,0,0,0,0,0
"bin_59_metaspades.faa_6_1",0,0,0,0,0,0,0,0,0
"bin_59_metaspades.faa_6_2",0,0,0,0,0,0,0,0,0
"bin_59_metaspades.faa_6_3",0,0,0,0,0,0,0,0,0
"bin_59_metaspades.faa_6_4",1,2,0,0,0,0,0,0,0
"bin_59_metaspades.faa_6_5",6,2,0,10,0,0,0,2,4
"bin_59_metaspades.faa_6_6",0,0,0,0,0,0,0,0,0
"bin_59_metaspades.faa_60_1",0,0,0,0,0,0,0,0,0
"bin_59_metaspades.faa_60_2",0,2,0,0,0,0,0,0,0
"bin_59_metaspades.faa_60_3",0,4,0,0,0,0,0,2,0
"bin_59_metaspades.faa_60_4",4,2,0,4,0,0,0,0,0
"bin_59_metaspades.faa_60_5",9,16,0,0,0,0,0,0,0
"bin_59_metaspades.faa_60_6",14,4,2,4,0,0,0,0,0
"bin_59_metaspades.faa_60_7",0,0,0,0,0,0,0,0,0
"bin_59_metaspades.faa_60_8",1,0,0,0,0,0,0,0,0
"bin_59_metaspades.faa_61_1",0,0,0,0,0,0,0,0,0
"bin_59_metaspades.faa_61_2",2,0,2,2,0,0,0,0,0
"bin_59_metaspades.faa_61_3",0,0,0,0,0,0,0,0,0
"bin_59_metaspades.faa_61_4",0,0,0,0,0,0,0,0,0
"bin_59_metaspades.faa_61_5",0,0,0,0,0,0,0,0,0
"bin_59_metaspades.faa_61_6",0,0,0,0,0,0,0,0,0
"bin_59_metaspades.faa_61_7",5,0,1,0,0,0,0,0,0
"bin_59_metaspades.faa_61_8",0,0,0,0,0,0,0,0,0
"bin_59_metaspades.faa_62_1",0,0,0,0,0,0,0,0,0
"bin_59_metaspades.faa_62_2",1,2,0,0,1,0,0,0,0
"bin_59_metaspades.faa_62_3",10,14,18,9,0,0,0,0,0
"bin_59_metaspades.faa_62_4",0,0,0,0,0,0,0,0,0
"bin_59_metaspades.faa_62_5",0,0,0,0,0,0,0,0,0
"bin_59_metaspades.faa_62_6",2,0,2,0,0,0,0,0,0
"bin_59_metaspades.faa_63_1",2,2,0,4,0,0,0,0,0
"bin_59_metaspades.faa_63_2",15,2,9,0,0,0,0,0,0
"bin_59_metaspades.faa_63_3",6,0,2,0,0,0,0,0,0
"bin_59_metaspades.faa_63_4",1,0,0,0,0,0,0,0,2
"bin_59_metaspades.faa_64_1",0,0,0,0,0,0,0,0,0
"bin_59_metaspades.faa_64_2",0,0,0,0,0,0,0,0,0
"bin_59_metaspades.faa_64_3",0,0,0,0,0,0,0,0,0
"bin_59_metaspades.faa_65_1",0,0,0,0,0,0,0,0,0
"bin_59_metaspades.faa_65_2",0,0,0,0,0,0,0,0,2
"bin_59_metaspades.faa_65_3",0,2,0,4,0,0,0,0,0
"bin_59_metaspades.faa_65_4",10,0,6,6,0,0,0,0,0
"bin_59_metaspades.faa_65_5",0,0,0,0,0,0,0,0,0
"bin_59_metaspades.faa_65_6",0,9,0,6,0,0,0,0,0
"bin_59_metaspades.faa_66_1",0,0,0,0,0,0,0,0,0
"bin_59_metaspades.faa_66_2",2,2,0,0,0,0,0,0,0
"bin_59_metaspades.faa_66_3",0,0,0,0,0,0,0,0,0
"bin_59_metaspades.faa_66_4",0,0,0,0,0,0,0,0,0
"bin_59_metaspades.faa_66_5",0,0,0,0,0,0,0,0,0
"bin_59_metaspades.faa_66_6",0,0,0,0,0,0,0,0,0
"bin_59_metaspades.faa_67_1",0,0,0,0,0,0,0,0,0
"bin_59_metaspades.faa_67_2",0,0,0,0,0,0,0,0,0
"bin_59_metaspades.faa_67_3",14,14,15,14,0,0,0,0,0
"bin_59_metaspades.faa_68_1",0,0,0,0,0,0,0,0,0
"bin_59_metaspades.faa_68_2",2,2,0,2,0,0,0,0,0
"bin_59_metaspades.faa_68_3",60,31,42,28,0,0,0,2,10
"bin_59_metaspades.faa_68_4",0,2,2,0,0,0,0,0,0
"bin_59_metaspades.faa_68_5",0,4,0,0,0,0,0,0,0
"bin_59_metaspades.faa_68_6",0,0,0,0,0,0,0,0,0
"bin_59_metaspades.faa_68_7",0,0,0,0,0,0,0,0,0
"bin_59_metaspades.faa_69_1",6,0,12,4,0,0,0,0,0
"bin_59_metaspades.faa_69_2",39,18,35,26,0,0,0,0,0
"bin_59_metaspades.faa_69_3",2,2,0,0,0,0,0,0,0
"bin_59_metaspades.faa_69_4",2,0,8,0,0,0,0,0,0
"bin_59_metaspades.faa_7_1",0,0,0,0,0,0,0,0,0
"bin_59_metaspades.faa_7_2",2,2,0,4,0,0,0,0,0
"bin_59_metaspades.faa_7_3",22,8,47,4,0,0,0,0,0
"bin_59_metaspades.faa_7_4",0,0,0,0,0,0,0,0,0
"bin_59_metaspades.faa_7_5",0,0,0,0,0,0,0,0,0
"bin_59_metaspades.faa_7_6",0,0,0,0,0,0,0,0,0
"bin_59_metaspades.faa_7_7",2,0,0,0,0,0,0,0,0
"bin_59_metaspades.faa_7_8",0,0,0,0,0,0,0,0,0
"bin_59_metaspades.faa_7_9",4,0,0,0,0,0,0,0,0
"bin_59_metaspades.faa_70_1",0,0,0,0,0,0,0,0,0
"bin_59_metaspades.faa_70_2",0,0,0,0,0,0,0,0,0
"bin_59_metaspades.faa_70_3",12,2,0,0,2,0,0,0,0
"bin_59_metaspades.faa_70_4",4,4,0,0,0,0,0,0,0
"bin_59_metaspades.faa_70_5",2,6,4,0,0,0,0,0,2
"bin_59_metaspades.faa_71_1",0,0,0,0,0,0,0,0,0
"bin_59_metaspades.faa_71_2",6,0,2,2,0,0,0,0,0
"bin_59_metaspades.faa_71_3",4,0,6,0,0,0,0,0,0
"bin_59_metaspades.faa_71_4",0,2,0,0,0,0,0,0,0
"bin_59_metaspades.faa_71_5",6,2,0,0,0,0,0,0,0
"bin_59_metaspades.faa_72_1",2,2,2,0,0,0,0,0,0
"bin_59_metaspades.faa_72_2",0,0,0,0,0,0,0,0,0
"bin_59_metaspades.faa_72_3",0,0,0,0,0,0,0,0,0
"bin_59_metaspades.faa_72_4",0,0,0,0,2,0,0,0,0
"bin_59_metaspades.faa_72_5",0,0,0,0,0,0,0,0,0
"bin_59_metaspades.faa_72_6",0,0,0,0,0,0,0,0,0
"bin_59_metaspades.faa_73_1",2,0,0,0,0,0,0,0,0
"bin_59_metaspades.faa_73_2",0,0,0,0,0,0,2,0,0
"bin_59_metaspades.faa_73_3",0,0,0,0,0,0,0,0,0
"bin_59_metaspades.faa_73_4",1,0,0,0,0,0,0,0,0
"bin_59_metaspades.faa_73_5",0,1,8,2,0,0,0,0,0
"bin_59_metaspades.faa_73_6",0,0,0,0,0,0,0,0,0
"bin_59_metaspades.faa_74_1",0,0,0,0,0,0,0,0,0
"bin_59_metaspades.faa_74_2",0,0,0,0,0,0,0,0,0
"bin_59_metaspades.faa_74_3",0,0,0,0,0,0,0,0,0
"bin_59_metaspades.faa_74_4",0,0,0,0,0,0,0,0,0
"bin_59_metaspades.faa_74_5",0,0,0,0,0,0,0,0,0
"bin_59_metaspades.faa_74_6",0,0,6,4,0,0,0,0,0
"bin_59_metaspades.faa_74_7",2,0,0,0,0,0,0,0,0
"bin_59_metaspades.faa_74_8",2,2,4,0,0,0,0,0,2
"bin_59_metaspades.faa_75_1",0,0,0,0,0,0,0,0,0
"bin_59_metaspades.faa_75_2",0,0,2,0,0,0,0,0,0
"bin_59_metaspades.faa_75_3",0,0,0,0,0,0,0,0,0
"bin_59_metaspades.faa_76_1",0,0,0,0,0,0,0,0,0
"bin_59_metaspades.faa_76_2",0,0,0,0,0,0,0,0,0
"bin_59_metaspades.faa_76_3",0,0,0,0,0,0,0,0,0
"bin_59_metaspades.faa_76_4",0,0,0,0,0,0,0,0,0
"bin_59_metaspades.faa_77_1",0,0,0,0,0,0,0,0,0
"bin_59_metaspades.faa_77_2",0,0,0,0,0,0,0,0,0
"bin_59_metaspades.faa_77_3",0,0,0,0,0,0,0,0,0
"bin_59_metaspades.faa_77_4",0,2,0,0,0,0,0,0,0
"bin_59_metaspades.faa_77_5",4,6,8,2,0,0,0,0,0
"bin_59_metaspades.faa_77_6",0,0,0,0,0,0,0,0,0
"bin_59_metaspades.faa_77_7",0,0,0,0,0,0,0,0,0
"bin_59_metaspades.faa_78_1",0,0,0,0,0,0,0,0,0
"bin_59_metaspades.faa_78_2",0,0,0,0,0,0,0,0,0
"bin_59_metaspades.faa_78_3",4,10,8,4,0,0,0,0,0
"bin_59_metaspades.faa_78_4",6,0,2,0,0,0,0,0,0
"bin_59_metaspades.faa_78_5",0,0,0,0,0,0,0,0,0
"bin_59_metaspades.faa_78_6",0,2,0,0,0,0,0,0,0
"bin_59_metaspades.faa_79_1",2,0,0,0,0,0,0,0,0
"bin_59_metaspades.faa_79_2",8,0,0,4,0,0,0,0,0
"bin_59_metaspades.faa_79_3",2,4,0,0,0,0,0,0,0
"bin_59_metaspades.faa_79_4",0,0,4,0,0,0,0,0,0
"bin_59_metaspades.faa_8_1",0,2,0,0,0,0,0,0,0
"bin_59_metaspades.faa_8_10",0,0,0,0,0,0,0,0,2
"bin_59_metaspades.faa_8_2",0,0,0,0,0,0,0,0,4
"bin_59_metaspades.faa_8_3",0,0,0,0,0,0,0,0,0
"bin_59_metaspades.faa_8_4",0,0,0,0,0,0,0,0,0
"bin_59_metaspades.faa_8_5",0,0,0,0,0,0,0,1,0
"bin_59_metaspades.faa_8_6",0,0,0,2,0,0,0,0,1
"bin_59_metaspades.faa_8_7",0,0,0,8,0,0,0,2,4
"bin_59_metaspades.faa_8_8",1,0,0,0,0,0,0,0,4
"bin_59_metaspades.faa_8_9",1,0,0,0,0,0,0,0,4
"bin_59_metaspades.faa_80_1",0,0,0,0,0,0,0,0,0
"bin_59_metaspades.faa_80_2",0,0,0,0,0,0,0,0,0
"bin_59_metaspades.faa_80_3",0,0,0,0,0,0,0,0,0
"bin_59_metaspades.faa_80_4",0,0,0,0,0,0,0,0,0
"bin_59_metaspades.faa_80_5",8,10,2,6,0,0,0,0,0
"bin_59_metaspades.faa_81_1",0,2,4,0,0,0,0,0,0
"bin_59_metaspades.faa_81_2",0,0,0,0,0,0,0,0,0
"bin_59_metaspades.faa_82_1",0,0,0,2,0,0,0,0,0
"bin_59_metaspades.faa_82_2",2,0,0,0,0,0,0,0,0
"bin_59_metaspades.faa_82_3",6,3,10,6,0,0,0,0,0
"bin_59_metaspades.faa_82_4",0,0,0,0,0,0,0,0,0
"bin_59_metaspades.faa_83_1",0,0,0,3,0,0,0,0,0
"bin_59_metaspades.faa_83_2",0,0,0,0,0,0,0,0,0
"bin_59_metaspades.faa_83_3",0,2,0,0,0,0,0,0,0
"bin_59_metaspades.faa_83_4",0,0,0,0,0,0,0,0,0
"bin_59_metaspades.faa_83_5",0,0,0,0,0,0,0,0,0
"bin_59_metaspades.faa_83_6",0,0,0,0,0,0,0,0,0
"bin_59_metaspades.faa_84_1",4,0,0,8,0,0,0,0,4
"bin_59_metaspades.faa_84_2",0,2,0,0,0,0,0,0,0
"bin_59_metaspades.faa_85_1",0,0,0,0,0,0,0,0,0
"bin_59_metaspades.faa_85_2",0,0,0,0,0,0,0,0,0
"bin_59_metaspades.faa_85_3",0,0,0,0,0,0,0,0,0
"bin_59_metaspades.faa_85_4",0,0,0,0,0,0,0,0,0
"bin_59_metaspades.faa_86_1",0,0,0,0,0,0,0,0,0
"bin_59_metaspades.faa_86_2",0,2,0,8,0,0,0,0,0
"bin_59_metaspades.faa_86_3",0,13,14,12,0,0,0,0,0
"bin_59_metaspades.faa_86_4",0,26,24,8,2,2,2,0,0
"bin_59_metaspades.faa_87_1",0,0,0,0,0,0,0,0,0
"bin_59_metaspades.faa_87_2",0,0,0,0,0,0,0,0,0
"bin_59_metaspades.faa_87_3",0,0,0,0,0,0,0,0,0
"bin_59_metaspades.faa_87_4",0,0,0,0,0,0,0,0,0
"bin_59_metaspades.faa_87_5",2,0,0,0,0,0,0,0,0
"bin_59_metaspades.faa_88_1",0,0,0,0,0,0,0,0,0
"bin_59_metaspades.faa_88_2",0,0,0,0,0,0,0,0,0
"bin_59_metaspades.faa_88_3",2,0,0,0,0,0,0,0,0
"bin_59_metaspades.faa_88_4",0,4,10,7,0,0,0,0,0
"bin_59_metaspades.faa_88_5",0,0,0,0,0,0,0,0,0
"bin_59_metaspades.faa_89_1",2,6,0,0,0,0,0,0,0
"bin_59_metaspades.faa_89_2",4,0,0,0,0,0,0,0,0
"bin_59_metaspades.faa_89_3",0,0,0,0,0,0,0,0,0
"bin_59_metaspades.faa_89_4",0,0,0,0,0,0,0,0,0
"bin_59_metaspades.faa_89_5",0,0,0,0,0,0,0,0,0
"bin_59_metaspades.faa_9_1",1,0,0,0,0,0,0,0,0
"bin_59_metaspades.faa_9_2",3,6,0,2,0,0,0,1,0
"bin_59_metaspades.faa_9_3",4,4,0,2,0,0,0,0,4
"bin_59_metaspades.faa_9_4",0,0,0,0,0,0,0,0,0
"bin_59_metaspades.faa_9_5",4,0,0,0,0,0,0,0,0
"bin_59_metaspades.faa_9_6",20,2,6,20,0,0,0,0,0
"bin_59_metaspades.faa_9_7",0,4,4,0,0,0,0,0,0
"bin_59_metaspades.faa_90_1",0,0,0,0,0,0,0,0,0
"bin_59_metaspades.faa_90_2",0,0,0,0,0,0,0,0,0
"bin_59_metaspades.faa_90_3",0,0,0,0,0,0,0,0,0
"bin_59_metaspades.faa_90_4",0,0,0,0,0,0,0,0,0
"bin_59_metaspades.faa_90_5",0,0,0,0,0,0,0,0,0
"bin_59_metaspades.faa_91_1",0,0,0,0,0,0,0,0,0
"bin_59_metaspades.faa_91_2",42,27,18,16,0,0,0,0,8
"bin_59_metaspades.faa_91_3",0,2,0,0,0,0,0,0,0
"bin_59_metaspades.faa_91_4",0,0,0,0,0,0,0,0,0
"bin_59_metaspades.faa_91_5",0,0,0,0,0,0,0,0,0
"bin_59_metaspades.faa_92_1",0,0,0,0,0,0,0,0,0
"bin_59_metaspades.faa_92_2",0,0,0,0,0,0,0,0,0
"bin_59_metaspades.faa_92_3",0,0,0,3,0,0,0,0,0
"bin_59_metaspades.faa_92_4",0,0,0,0,0,0,0,0,0
"bin_59_metaspades.faa_92_5",0,0,0,0,0,0,0,0,0
"bin_59_metaspades.faa_92_6",0,0,0,0,0,0,0,0,0
"bin_59_metaspades.faa_93_1",0,4,3,0,0,0,0,0,0
"bin_59_metaspades.faa_93_2",0,0,0,0,0,0,0,0,0
"bin_59_metaspades.faa_93_3",2,0,0,0,0,0,0,0,0
"bin_59_metaspades.faa_93_4",10,6,2,0,0,0,0,0,0
"bin_59_metaspades.faa_93_5",0,2,0,0,0,0,0,0,0
"bin_59_metaspades.faa_94_1",0,0,0,0,0,0,0,0,0
"bin_59_metaspades.faa_94_2",0,0,2,0,0,0,0,0,0
"bin_59_metaspades.faa_94_3",120,98,31,110,0,0,0,2,2
"bin_59_metaspades.faa_94_4",14,1,0,0,0,0,0,2,0
"bin_59_metaspades.faa_94_5",1,0,0,0,1,0,0,0,0
"bin_59_metaspades.faa_95_1",0,0,0,0,0,0,0,0,0
"bin_59_metaspades.faa_95_2",15,8,5,23,0,0,0,0,0
"bin_59_metaspades.faa_95_3",0,0,0,0,0,0,0,0,0
"bin_59_metaspades.faa_95_4",0,0,0,0,0,0,0,0,0
"bin_59_metaspades.faa_95_5",0,0,0,0,0,0,0,0,0
"bin_59_metaspades.faa_96_1",0,0,0,0,0,0,0,0,0
"bin_59_metaspades.faa_96_2",0,0,0,0,0,0,0,0,0
"bin_59_metaspades.faa_96_3",0,0,0,0,0,0,0,0,0
"bin_59_metaspades.faa_96_4",2,2,2,0,0,0,0,0,0
"bin_59_metaspades.faa_97_1",0,0,0,0,0,0,0,0,0
"bin_59_metaspades.faa_97_2",0,0,0,0,0,0,0,0,0
"bin_59_metaspades.faa_97_3",0,2,2,0,0,0,0,0,2
"bin_59_metaspades.faa_97_4",2,2,0,10,0,0,0,0,0
"bin_59_metaspades.faa_98_1",0,2,2,0,0,0,0,0,0
"bin_59_metaspades.faa_98_2",6,13,12,2,0,0,0,0,0
"bin_59_metaspades.faa_98_3",0,2,0,0,0,0,0,0,1
"bin_59_metaspades.faa_98_4",0,0,0,0,0,0,0,0,0
"bin_59_metaspades.faa_99_1",4,0,2,4,0,0,0,0,0
"bin_59_metaspades.faa_99_2",0,4,8,0,0,0,0,0,0
"bin_59_metaspades.faa_99_3",0,0,0,0,0,0,0,0,0
